Id;Nombre;Tipo;Localidad;Provincia;Latitud;Longitud;Altura;Id Interno;Ubicacion;Desde;Hasta
413;25 de Mayo - EEA Pergamino;Nimbus THP;25 de Mayo;Buenos Aires;-35.48;-60.13;85;A872872;CC 18 CP6660;04/09/2012;20/09/2025
682;5000;Nimbus THP;Hurlingham;Buenos Aires;-85;-55;0;A875000;-;20/11/2019;17/09/2025
683;5001;Nimbus THP;Hurlingham;Buenos Aires;-85;-60;0;A875001;-;20/11/2019;19/09/2025
704;993 - LAB;Nimbus THP;loc_prueba;Sin asignar;-84;-70;0;A872993;LABORATORIO;08/03/2022;26/08/2024
705;994 - LAB;Nimbus THP;loc_prueba;Sin asignar;-84;-65;0;A872994;LABORATORIO;01/01/2012;28/08/2025
707;996 - LAB;Nimbus THP;loc_prueba;Sin asignar;-84;-55;0;A872996;LABORATORIO;12/11/2021;04/09/2025
708;997 - LAB;Nimbus THP;loc_prueba;Sin asignar;-84;-50;0;A872997;LABORATORIO;08/03/2022;18/07/2025
709;998 - LAB;Nimbus THP;loc_prueba;Sin asignar;-84;-45;0;A872998;Laboratorio;01/01/2012;18/07/2025
18;999 - LAB;Nimbus THP;loc_prueba;Sin asignar;-84;-40;22;A872999;CNIA;04/01/2000;02/06/2025
706;A872995 - CITEDEF-INTA;Nimbus THP;Villa Martelli;Buenos Aires;-34.56;-58.51;18;A872995;Laboratorio de Electrónica del CITEDEF;08/03/2022;20/09/2025
516;Abra Pampa - EEA Abra Pampa;Nimbus THP;Abra Pampa;Jujuy;-22.8;-65.83;3463;A872923;Ruta Provincial 11 km 17 - Abra Pampa;28/08/2013;20/09/2025
236;Alfonso - EEA Pergamino;Nimbus THP;Mariano Alfonso;Buenos Aires;-33.91;-60.84;80;A872814;"Ruta 8 km; 248.";31/12/1999;20/09/2025
393;Andalgala - EEA Catamarca;Nimbus THP;Andalgala;Catamarca;-27.61;-66.33;983;A872885;Ing. Jacobaci s/n. Distrito de Huaco CP :4740;12/12/2012;20/09/2025
403;Andresito - EEA Montecarlo;Nimbus THP;Andresito;Misiones;-25.62;-54.07;261;A872912;RP 19 y Av. Chile, acceso Andresito, CP: 3385;11/06/2013;20/09/2025
233;Anguil -EEA Anguil;Nimbus THP;Anguil;La Pampa;-36.54;-63.99;165;A872823;Ruta Nacional Nº 5 Km. 580. CP: 6326;13/09/2010;20/09/2025
468;Aparicio - EEA Barrow;Nimbus THP;Coronel Dorrego;Buenos Aires;-38.67;-60.93;11.880.000.305.175.700;A872838;0;12/11/2014;20/09/2025
237;Arrecifes - EEA Pergamino;Nimbus THP;Arrecifes;Buenos Aires;-34.05;-60.14;36;A872820;Ruta 8 Km 178,5;11/10/2010;20/09/2025
404;B de Irigoyen - EEA Montecarlo;Nimbus THP;Bernardo de Irigoyen;Misiones;-26.28;-53.67;815;A872913;RN 14, acceso B. de Irigoyen, CP: 3366;07/06/2013;20/09/2025
242;Balcarce - EEA Balcarce;Nimbus THP;Balcarce;Buenos Aires;-37.76;-58.3;130;A872824;Ruta 226 km 73,5. C.C 276 CP: 7620;10/11/2010;20/09/2025
251;Bandera - EEA EEA Quimilí;Nimbus THP;Belgrano;Santiago del Estero;-28.89;-62.27;98;A872811;;14/12/2010;20/09/2025
269;Bariloche - EEA Bariloche;Nimbus THP;Bariloche;Río Negro;-41.12;-71.25;796;A872849;Modesta Victoria 4450 CP: 8400;28/05/2011;20/09/2025
474;Barreal - EEA San Juan;Nimbus THP;Barreal;San Juan;-31.62;-69.47;30;A872927;Presidente Roca S/N. C.P. 5405, Barreal;25/11/2014;20/09/2025
383;Basail - EEA Col Benitez;Nimbus THP;San Fernando;Chaco;-27.9;-59.3;55;A872893;;13/12/2012;20/09/2025
491;Bella Vista - EEA Bella Vista;Nimbus THP;Bella Vista;Corrientes;-28.45;-58.99;70;A872951;Ruta 27-10Km norte de Bella Vista -CC5-3432;17/06/2015;20/09/2025
425;Bme de las Casas -EEA Colorado;Nimbus THP;Bartolomé de las Casas;Formosa;-25.45;-59.5;1.164.000.015.258.780;A872904;-;12/12/2013;24/03/2023
518;Bordenave - EEA Bordenave;Nimbus THP;Bordenave;Buenos Aires;-37.75;-63.08;202;A872817;Ruta Provincial 76 Km 36,5 8187;02/11/2016;20/09/2025
427;Caa Cati - EEA Corrientes;Nimbus THP;Caá Catí;Corrientes;-27.75;-57.62;74;A872921;Blanco Vega 319, CP: 3407;17/12/2013;20/09/2025
296;Calchaqui - EEA Reconquista;Nimbus THP;Calchaqui;Santa Fe;-29.88;-60.24;70;A872867;Est. Los Laureles, 5 km al este de Calchaquí;16/11/2011;28/08/2024
484;Capilla de Siton - ICyA CIRN;Nimbus THP;Capilla de Sitón;Córdoba;-30.57;-63.65;212;A872945;-;14/04/2015;28/04/2023
678;Casbas - EEA C. Naredo;Nimbus THP;A definir;Sin asignar;-36.86;-62.45;100;A872926;Casbas;05/11/2019;20/09/2025
79;Castelar - ICyA CIRN;Nimbus THP;Hurlingham;Buenos Aires;-34.61;-58.67;22;A872801;Las Cabañas y De Los Reseros s/n;06/08/2009;20/09/2025
380;Catuna - EEA La Rioja;Nimbus THP;Villa Santa Rita de Catuna;La Rioja;-30.96;-66.17;497;A872889;Ruta Nac. 79 s/n,Dto.Gral Ortiz de Ocampo, CP:5275;04/06/2012;07/12/2022
431;Caucete - EEA San Juan;Nimbus THP;Caucete;San Juan;-31.7;-68.29;543;A872928;Divisoria e/20 y Ruta 270 Dto 25 de Mayo CP: 5443;11/04/2014;31/08/2025
489;Cañada Ombu - EEA Reconquista;Nimbus THP;Cañada Ombu;Santa Fe;-28.36;-60.15;58;A872946;Ruta 100, KM 20,Código Postal: 3551;21/11/2016;14/12/2022
293;Ceres - EEA Rafaela;Nimbus THP;Ceres;Santa Fe;-29.87;-61.96;2;A872864;Ruta 34 km 389, Ceres;06/06/2013;20/06/2025
382;Cerro Azul - EEA Cerro Azul;Nimbus THP;Cerro Azul;Misiones;-27.66;-55.44;292;A872908;Ruta Nacional 14. Km. 1085. CP: 3313;28/12/2012;20/09/2025
472;Chascomus - EEA Cuenca Salado;Nimbus THP;Chascomus;Buenos Aires;-35.74;-58.05;28.200.000.762.939.400;A872806;;21/11/2014;20/09/2025
377;Col Popular - EEA Col Benitez;Nimbus THP;Colonia Popular;Chaco;-27.27;-59.14;82;A872891;Ruta Nº 16 km 38 CP: 3505;11/12/2012;20/09/2025
700;Col. Tabay - EEA Bella Vista;Nimbus THP;Colonia Tabay;Corrientes;-28.18;-58.16;10;A872917;Ruta 118, km 47, C.P.: 3421 (Dto. Concepción);16/09/2021;20/09/2025
495;Colan Conhué - EEA Esquel;Nimbus THP;Colan Conhué;Chubut;-43.23;-69.92;844;A872854;---;08/05/2004;20/09/2025
272;Concepción - EEA Conc. Uruguay;Nimbus THP;Concepción del Uruguay;Entre Rios;-32.49;-58.35;17;A872830;Ruta 39 Km 143.5;29/10/2012;20/09/2025
244;Coronel Suarez - EEA C. Naredo;Nimbus THP;Coronel Suarez;Buenos Aires;-37.29;-62.04;237;A872816;Ruta 85, km 221. Cnel. Suarez;25/11/2010;20/09/2025
436;Curuzu Cuatia - EEA Mercedes;Nimbus THP;Curuzu Cuatia;Corrientes;-29.87;-58.11;80;A872920;Ruta Provincial 126, km 68. Dpto Mercedes CP: 3460;12/02/2014;12/09/2025
478;Dean Funes - EEA Manfredi;Nimbus THP;Dean Funes;Córdoba;-30.34;-64.32;701.5;A872829;-;14/04/2015;20/09/2025
502;Du Graty - EEA Sáenz Peña;Nimbus THP;Coronel Du Graty;Chaco;-27.7;-60.91;8.930.000.305.175.780;A872958;"Acceso Sur Prolongación; CP: 3541";02/12/2015;18/06/2024
703;El Calafate - EEA Rio Gallegos;Nimbus THP;El Calafate;Santa Cruz;-50.31;-72.32;200;A872967;Punta Soberana, El Calafate, C.P.: 9405;17/12/2021;20/09/2025
424;El Colorado - EEA El Colorado;Nimbus THP;Pirane;Formosa;-26.33;-59.35;106;A872905;Av.Carlos Pellegrini s/n Acceso Sur- 3603;07/10/2013;07/12/2022
378;El Portezuelo - EEA La Rioja;Nimbus THP;El Portezuelo;La Rioja;-30.84;-66.7;820;A872887;Ruta Prov. N° 28, salida a Malanzan.CP: 5385;11/10/2012;11/04/2024
303;Esperanza - EEA Santa Cruz;Nimbus THP;Esperanza;Santa Cruz;-51.1;-70.5;541;A872860;Ruta prov. Nº 5, Esperanza;17/11/2011;15/04/2025
417;Esquina - EEA Bella Vista;Nimbus THP;Esquina;Corrientes;-30.04;-59.53;52.900.001.525.878.900;A872914;Ruta 12 Km 682 (Acceso Sur), CP: 3196;06/11/2013;20/09/2025
348;Famailla - EEA Famailla;Nimbus THP;Famaillá;Tucuman;-27.02;-65.38;37.979.998.779.296.800;A872871;Ruta Prov. 301, Km 32 CP: 4132;13/12/2011;20/09/2025
248;Federal - EEA Concordia;Nimbus THP;Federal;Entre Rios;-30.93;-58.77;65;A872805;Ruta 127, a 1 km de Va. Federal;14/12/2010;20/09/2025
238;Ferre - EEA Pergamino;Nimbus THP;Ferré;Buenos Aires;-34.1;-61.14;103;A872815;Ruta Provincial 50, Km. 638.;22/11/2011;20/09/2025
721;Gob. Gregores - EEA Santa Cruz;Nimbus THP;Gobernador Gregores;Santa Cruz;-48.81;-70.14;3.533.500.061.035.150;A872964;Estancia El Aguila.;24/04/2025;07/09/2025
665;Gob. Virasoro - EEA Mercedes;Nimbus THP;Santo Tome;Corrientes;-28.27;-55.86;97;A872897;Ruta Prov. 94 y 70;22/06/2018;14/10/2024
408;Goya - EEA Bella Vista;Nimbus THP;Goya;Corrientes;-29.18;-59.09;84;A872950;Paraje Maruchas (camino vecinal sobre ruta 12);03/09/2013;24/04/2025
674;Gral. Conesa - EEA Valle Inf.;Nimbus THP;General Conesa;Río Negro;-40.21;-64.19;100;A872972;;08/01/2019;28/04/2024
268;Gral. Roca - EEA Alto Valle;Nimbus THP;General Roca;Río Negro;-39.03;-67.74;242;A872846;Rta. Nac. 22 km1190 (Allen) CP: 8330;27/05/2011;20/09/2025
274;Gualjaina - EEA Esquel;Nimbus THP;Gualjaina;Chubut;-42.73;-70.5;5.013.999.938.964.840;A872853;Chacra Tertulia de Gualjaina;30/05/2011;03/09/2025
711;Guardia Mitre - EEA V Inferior;Nimbus THP;Guardia Mitre;Río Negro;-40.43;-63.68;30;A872949;;28/10/2022;30/10/2022
722;Güer Aike - EEA Santa Cruz;Nimbus THP;Güer Aike;Santa Cruz;-51.61;-69.66;137;A872968;Estancia Güer Aike;13/05/2025;20/09/2025
492;Herlitzka - EEA Corrientes;Nimbus THP;Herliszka;Corrientes;-27.66;-58.29;6.780.000.305.175.780;A872952;Ruta 5 - km 54;19/06/2015;04/07/2025
488;Hornillos - IPAF NOA;Nimbus THP;Hornillos;Jujuy;-23.66;-65.43;2241;A872925;RN Nº 9, Km 1763 CP (4622);08/05/2015;20/09/2025
716;Hughes - EEA Oliveros;Nimbus THP;Hughes;Santa Fe;-33.85;-61.33;80;A872870;Camino Rural hacia el tambo 878;22/12/2023;20/09/2025
234;Huinca Renanco - EEA Anguil;Nimbus THP;Huinca Renanco;Córdoba;-34.77;-64.37;189;A872822;Ruta Nac. Nº35 Km.535 CP: 6270;06/09/2010;02/11/2022
667;Ing. Jacobacci - EEA Bariloche;Nimbus THP;Ingeniero Jacobacci;Río Negro;-41.33;-69.55;30;A872898;AER Ing. Jacobacci;12/03/2019;20/09/2025
52;INTA - Abra Pampa (EMC);Convencional Instr. Completo;Cochinoca;Jujuy;-22.83;-65.85;3484;NH0457;Prov. 11 Km20 - CC 9 - 4640;01/01/1959;31/12/2007
53;INTA - Anguil (EMC);Convencional Instr. Completo;Capital;La Pampa;-36.5;-63.98;165;NH0446;Ruta 5 Km580 - CC11- 6326;01/01/1961;18/09/2025
32;INTA - Balcarce (EMC);Convencional Instr. Completo;Balcarce;Buenos Aires;-37.75;-58.3;130;NH0400;Ruta 226 Km 73,5 - C.C. 276 - (7620);01/02/1961;18/09/2025
33;INTA - Barrow (EMC);Convencional Instr. Completo;Tres Arroyos;Buenos Aires;-38.32;-60.25;120;NH0216;Ruta Nac.3 Km488 - C.C.50 - B7500WAA;01/01/1960;30/11/2024
41;INTA - Bella Vista (EMC);Convencional Instr. Completo;Bella Vista;Corrientes;-28.43;-58.92;70;NH0067;Ruta 27-10Km norte de Bella Vista -CC5-3432;01/01/1959;10/09/2025
9;INTA - Castelar (EMC);Convencional Instr. Completo;Hurlingham;Buenos Aires;-34.61;-58.67;22;NH0358;Las Cabañas y De Los Reseros s/n;01/01/1951;18/09/2025
58;INTA - Cerro Azul (EMC);Convencional Instr. Completo;Leandro N Alem;Misiones;-27.65;-55.43;283;NH0423;Ruta 14. Km1085 - CC6 - 3313;01/01/1968;01/07/2025
44;INTA - Colonia Benitez (EMC);Convencional Instr. Completo;Colonia Benítez;Chaco;-27.42;-58.93;54;NH0487;Marcos Briolini s/n - 3505;01/01/1968;30/01/2025
49;INTA - Concordia (EMC);Convencional Instr. Completo;Concordia;Entre Rios;-31.38;-58.03;48;NH0496;Ruta 22 y ffcc Est.Yuquerí CC34-E3200AQK;01/01/1969;02/02/2014
40;INTA - Corrientes (EMC);Convencional Instr. Completo;Empedrado;Corrientes;-27.65;-58.77;57;NH0460;Ruta Nacional 12, Km 1008. CC 57 - 3400;01/01/1968;31/07/2025
51;INTA - El Colorado (EMC);Convencional Instr. Completo;Pirane;Formosa;-26.3;-59.38;78;NH0464;Av.Carlos Pellegrini s/n Acceso Sur- 3603;01/01/1960;28/06/2015
68;INTA - Famailla (EMC);Convencional Instr. Completo;Famaillá;Tucuman;-27.05;-65.42;363;NH0444;Ruta 301 km32 - CC 9 - 4132;01/09/1968;14/09/2025
35;INTA - Gral Villegas (EMC);Convencional Instr. Completo;General Villegas;Buenos Aires;-34.92;-62.73;117;NH0038;San Martín 26 - B6230DCB;01/04/1973;16/03/2020
36;INTA - Hilario Ascasubi (EMC);Convencional Instr. Completo;Villarino;Buenos Aires;-39.38;-62.62;22;NH0421;Ruta 3 - Km 794 - 8142;01/06/1961;08/07/2025
56;INTA - La Consulta (EMC);Convencional Instr. Completo;Puan;Mendoza;-33.73;-69.12;740;NH0442;EX RUTA 40 km 96 - 5567;01/01/1970;11/09/2025
67;INTA - La Maria S.Estero (EMC);Convencional Instr. Completo;Silipica;Santiago del Estero;-28.02;-64.23;169;NH0550;La María EEA INTA;01/04/1988;18/09/2025
45;INTA - Las Breñas (EMC);Convencional Instr. Completo;9 de Julio;Chaco;-27.1;-61.1;102;NH0416;Ruta Nac. Nº 94 - 3722;01/01/1967;17/09/2025
30;INTA - Marcos Juarez (EMC);Convencional Instr. Completo;Marcos Juarez;Córdoba;-32.68;-62.12;110;NH0502;Ruta 12 km. 3 - 2580;01/10/1967;03/05/2025
42;INTA - Mercedes Ctes (EMC);Convencional Instr. Completo;Mercedes;Corrientes;-29.17;-58.02;100;NH0498;Calle Juan Pujol s/n - CC38 - 3470;01/01/1968;31/08/2022
50;INTA - Parana (EMC);Convencional Instr. Completo;Paraná;Entre Rios;-31.85;-60.54;110;NH0114;Ruta 11 Km12,5 - Oro Verde - 3101;01/04/1956;06/07/2025
37;INTA - Pergamino (EMC);Convencional Instr. Completo;Pergamino;Buenos Aires;-33.93;-60.55;65;NH0145;Ruta 32 Km.4,5 - B2700WAA;01/01/1931;12/01/2022
64;INTA - Rafaela (EMC);Convencional Instr. Completo;Vera;Santa Fe;-31.18;-61.55;100;NH0098;Ruta 34 Km227 - CC 22 - 2300;01/04/1956;27/04/2023
65;INTA - Reconquista (EMC);Convencional Instr. Completo;Reconquista;Santa Fe;-29.18;-59.7;42;NH0437;Ruta 11 km773 - S3567XAA;01/08/1970;10/08/2025
46;INTA - Roque Saenz Peña (EMC);Convencional Instr. Completo;Comandante Fernandez;Chaco;-26.87;-60.45;90;NH0415;Ruta 95 Km - 1108;01/01/1959;18/09/2025
38;INTA - San Pedro (EMC);Convencional Instr. Completo;San Pedro;Buenos Aires;-33.74;-59.8;28;NH0492;Ruta Nac. Nº9 Km.170 (B2930ZZA);01/01/1967;18/09/2025
672;Ituzaingo - EEA Corrientes;Nimbus THP;Ituzaingo;Corrientes;-27.54;-56.58;20;A872971;Ituzaingo;26/09/2019;20/09/2025
713;J J Castelli - EEA Sáenz Peña;Nimbus THP;Castelli;Chaco;-25.96;-60.56;0;A872899;rn;06/09/2023;20/09/2025
720;Jaramillo - EEA Santa Cruz;Nimbus THP;Jaramillo;Santa Cruz;-47.2;-66.93;185;A872965;Ruta 281, Km. 110;07/03/2025;20/09/2025
454;Junín - EEA Junin Mendoza;Nimbus THP;Junin;Mendoza;-33.12;-68.48;654;A872938;Isidoro Bousquet S/Nº, La Colonia, CP:5572;12/12/2016;31/08/2025
515;La Cigüeña - EEA Reconquista;Nimbus THP;Fortin Olmos;Santa Fe;-29.25;-61.02;67;A872962;Paraje La Cigueña, RP 98 y RP 13 Dto Vera;07/06/2016;30/12/2024
284;La Colmena - EEA Paraná;Nimbus THP;La Colmena;Entre Rios;-31.55;-59.72;75;A872874;Paraje La Colmena. Ruta Nac. 127. km 88;13/10/2011;27/02/2025
482;La Consulta - EEA Consulta;Nimbus THP;San Carlos;Mendoza;-33.77;-69.15;769;A872939;La Consulta, San Carlos, Mendoza;22/07/2015;20/09/2025
241;La Dulce - EEA Balcarce;Nimbus THP;Necochea;Buenos Aires;-38.34;-59.01;72;A872808;Ruta Provincial 86 km 36. Necochea;12/11/2010;20/09/2025
433;La Guevarina - EEA Rama Caida;Nimbus THP;La Guevarina;Mendoza;-34.79;-68.02;550;A872934;Ruta Nac. 143. Dto San Rafael. CP: 5622;03/09/2014;20/09/2025
368;Las Armas - EEA Cuenca Salado;Nimbus THP;Las Armas;Buenos Aires;-37.09;-57.87;28;A872833;R.P. Nº 74 km 90.5, C.P.: 7172;25/10/2012;20/09/2025
723;Las Breñas - EEA Las Breñas;Nimbus THP;Las Breñas;Chaco;-27.07;-61.06;104;A872896;Ruta Nacional N°89 Km . 227 CP3722;09/06/2025;20/09/2025
297;Las Rosas - EEA Oliveros;Nimbus THP;Las Rosas;Santa Fe;-32.49;-61.57;100;A872868;Ruta Nacional 178-Km 201, CP: 2520;29/11/2011;20/09/2025
230;Lima - EEA San Pedro;Nimbus THP;Lima;Buenos Aires;-33.97;-59.31;28;A872834;Ruta 9 - Km 115 - acceso Est. Atucha-Lima;25/08/2010;20/09/2025
475;Lincoln - EEA Villegas;Nimbus THP;General Lincoln;Buenos Aires;-34.84;-61.6;10.980.000.305.175.700;A872942;Ruta 188, Km 225 (1.5 km por camino rural) CP 6070;01/12/2014;20/09/2025
267;Llavallol - ICyA CIRN;Nimbus THP;Llavallol;Buenos Aires;-34.79;-58.45;23;A872810;Ruta Prov. Nº 4, km 2, Lavallol. CP:1836;21/07/2011;20/09/2025
469;Loma Chata - EEA Barrow;Nimbus THP;Coronel Dorrego;Buenos Aires;-38.65;-61.45;1.598.000.030.517.570;A872839;0;13/11/2014;20/09/2025
717;Los Antiguos - EEA Santa Cruz;Nimbus THP;Los Antiguos;Santa Cruz;-46.55;-71.64;0;A872966;Av. Tehuelches y San Martín;14/11/2024;20/09/2025
498;Los Juríes - EEA Quimilí;Nimbus THP;Los Juríes;Santiago del Estero;-28.52;-62.16;78;A872956;Ruta 13 (a 5Km al Sur del pueblo) CP: 3763;08/09/2015;20/09/2025
277;M Juarez - EEA Marcos Juarez;Nimbus THP;Marcos Juarez;Córdoba;-32.72;-62.11;110;A872827;Ruta 12 Km. 3 C.P.: 2580;13/09/2011;20/09/2025
687;Maciá - EEA Conc. del Uruguay;Nimbus THP;Maciá;Entre Rios;-32.06;-59.6;0;A872832;Camino de la Producción, km 40 (32 km N de Maciá);30/10/2021;20/09/2025
434;Malargüe - EEA Rama Caida;Nimbus THP;Malargüe;Mendoza;-35.38;-69.57;1421;A872935;Ruta Nac. 40, El Chacay Malargüe (CP 5613);11/11/2015;20/09/2025
364;Malbran - EEA Quimilí;Nimbus THP;Malbrán;Santiago del Estero;-29.32;-62.46;82;A872961;Ruta Nacional 34, Km 467.5 C.P: 2354 Dto Aguirre;02/06/2016;20/09/2025
372;Manfredi - EEA Manfredi;Nimbus THP;Manfredi;Córdoba;-31.86;-63.75;292;A872907;Ruta Nac. nro. 9, km 636. C.P: 5988, Córdoba;14/11/2012;20/09/2025
447;Medanos - EEA Hilario Ascasubi;Nimbus THP;Medanos;Buenos Aires;-38.87;-62.66;29;A872840;5 Km al sur de Medanos, C.P.: 8132 Pdo. Villarino;12/11/2014;20/09/2025
440;Mercedes - EEA Mercedes;Nimbus THP;Mercedes;Corrientes;-29.2;-58.04;99;A872915;Calle Juan Pujol s/n - CC38 - 3470;11/02/2014;20/09/2025
240;Miramar - EEA Balcarce;Nimbus THP;Miramar;Buenos Aires;-38.15;-57.99;12;A872819;Ruta Nº 77, km.20. CP:7607 Gral Alvarado;11/11/2010;20/09/2025
496;Monte Quemado - EEA Quimilí;Nimbus THP;Monte Quemado;Santiago del Estero;-25.86;-62.71;203;A872954;Ruta 16 - km 427,5;10/09/2015;12/07/2025
409;Montecarlo - EEA Montecarlo;Nimbus THP;Montecarlo;Misiones;-26.57;-54.73;200;A872911;Av. El Libertador 2472, CP: 3384;22/08/2013;20/09/2025
379;P de Los Llanos - EEA La Rioja;Nimbus THP;Punta de Los Llanos;La Rioja;-30.15;-66.55;308;A872888;-;04/06/2012;18/06/2024
281;P Golondrinas - EEA Bariloche;Nimbus THP;Lago Puelo;Chubut;-42;-71.53;350;A872850;Ruta 40km 1911, Pje Las Golondrinas;18/10/2011;20/09/2025
445;P. de la Plaza -EEA Sáenz Peña;Nimbus THP;Presidencia de La Plaza;Chaco;-26.93;-59.8;75;A872901;Ruta 7 S/n CP: 3536 Dto. Pres de La Plaza;18/12/2012;30/08/2023
395;Palma Sola - EEA Yuto;Nimbus THP;Palma Sola;Jujuy;-23.98;-64.3;680;A872882;Av.Dardo Dominguez s/n CP: 4501;27/01/2012;21/05/2024
483;Pareditas - EEA Consulta;Nimbus THP;San Carlos;Mendoza;-33.95;-69.08;1162;A872940;Escuela 4-211 Miguel Ángel Funes;22/07/2015;20/09/2025
679;Paso de Indios - EEA Chubut;Nimbus THP;Paso de Indios;Chubut;-43.86;-69.05;100;A872856;9 de Julio y Gmo. Rawson;27/09/2019;20/09/2025
718;Perito Moreno - EEA Santa Cruz;Nimbus THP;Perito Moreno;Santa Cruz;-46.6;-70.92;0;A872969;Chacra 69 P1 A2;13/11/2024;20/09/2025
696;Pje. Desmochado - EEA B Vista;Nimbus THP;Bella Vista;Corrientes;-28.8;-59;50;A872918;RN 123, km 5, entrada a Pje. Desmochado;09/06/2021;20/09/2025
519;Plottier - IPAF Patagonia;Nimbus THP;Plottier;Neuquen;-38.95;-68.33;283;A872947;-;01/11/2016;16/12/2023
444;Pocito - EEA San juan;Nimbus THP;Pocito;San Juan;-31.66;-68.59;618;A872929;Calle 11y Vidart, Va. Aberastain - 5427;28/03/2014;09/09/2023
350;Puerto Piramides - EEA Chubut;Nimbus THP;Puerto Pirámides;Chubut;-42.54;-64.29;85;A872855;Ruta Prov Nº2 (Altura Pto. Piramides);17/05/2012;02/07/2021
497;Quimilí - EEA Quimilí;Nimbus THP;Quimilí;Santiago del Estero;-27.54;-62.35;137;A872955;Ruta Provincial 6, Km 14. CP: 3740;09/09/2015;20/09/2025
292;Rafaela - EEA Rafaela;Nimbus THP;Rafaela;Santa Fe;-31.2;-61.5;9977;A872862;Ruta 34 Km 227, CP 2300;18/11/2011;20/09/2025
432;Rama Caida - EEA Rama Caida;Nimbus THP;Rama Caída;Mendoza;-34.67;-68.39;692;A872933;El vivero s/n. Dto. San Rafael. CP:5603;19/03/2014;20/09/2025
473;Rauch - EEA Cuenca Salado;Nimbus THP;Rauch;Buenos Aires;-36.8;-59.11;103;A872837;;20/11/2014;20/09/2025
294;Reconquista - EEA Reconquista;Nimbus THP;Reconquista;Santa Fe;-29.26;-59.71;75;A872865;Ruta 11 Km 773, CP:3560;11/11/2011;20/09/2025
300;Rio Colorado - EEA Alto Valle;Nimbus THP;Río Colorado;Río Negro;-39.02;-64.08;79;A872847;Moreno 695. CP: 8138;05/06/2012;20/09/2025
231;Rio Tala - EEA San Pedro;Nimbus THP;Rio Tala;Buenos Aires;-33.77;-59.63;29;A872835;Ruta Provincial 1001, km 10,5 CP: 2944;31/08/2010;20/09/2025
249;S.J. Frontera - EEA Concordia;Nimbus THP;San Jaime de la Frontera;Entre Rios;-30.36;-58.32;77;A872803;Ruta 127, a 2 km de S.J. de la Frontera;15/12/2010;20/09/2025
250;Sachayoj - EEA Quimilí;Nimbus THP;Sachayoj;Santiago del Estero;-26.46;-61.81;197;A872812;-;27/12/2010;05/07/2025
662;San Fernando - EEA Delta;Nimbus THP;Tigre;Buenos Aires;-34.25;-58.61;3;A872802;Arroyo Durazno. 2° Sección de Islas.;08/02/2018;20/09/2025
291;San Jorge - EEA Rafaela;Nimbus THP;San Jorge;Santa Fe;-31.95;-61.83;2;A872863;Ruta 13, 10 km al S de San Jorge;22/07/2013;20/09/2025
358;San Pedro - EEA San Pedro;Nimbus THP;San Pedro;Buenos Aires;-33.74;-59.8;26;A872890;Ruta 9, km 170 CP: 2930;12/07/2012;20/09/2025
686;San Salvador - EEA Concordia;Nimbus THP;San Salvador;Entre Rios;-31.65;-58.5;0;A872831;;15/09/2020;17/03/2025
339;San Sebastian - EEA Santa Cruz;Nimbus THP;San Sebastian;Tierra del Fuego;-52.89;-68.45;19.799.999.237.060.500;A872859;Ruta nacional Nº 3;28/03/2012;20/09/2025
412;San Vicente - EEA Cerro Azul;Nimbus THP;San Vicente;Misiones;-26.92;-54.42;534;A872910;Ruta 14 KM 1025, CP: 3364;24/08/2013;03/09/2022
456;Santa Rosa - EEA Junin Mendoza;Nimbus THP;Santa Rosa;Mendoza;-33.18;-67.87;5.637.999.877.929.680;A872937;La Cieneguita Santa Rosa Mendoza CP: 5596;17/08/2017;11/03/2025
376;Santa Sylvina - EEA Sáenz Peña;Nimbus THP;Santa Sylvina;Chaco;-27.85;-61.13;90;A872900;Ruta 5 S/n. CP: 3541. Dto. F J Sta María de Oro;07/12/2012;18/06/2024
282;Sarmiento - EEA Chubut;Nimbus THP;Sarmiento;Chubut;-45.6;-69.03;267;A872857;Ruta Nac. Nº 26 - Chacra Nº 19, CP: 9020;16/09/2011;23/05/2024
421;Sombrerito - EEA Corrientes;Nimbus THP;El Sombrerito;Corrientes;-27.65;-58.77;785.999.984.741.211;A872916;RN12, Km. 1008, CP: 3400;16/12/2013;20/09/2025
494;Sta Victoria O -EEA Abra Pampa;Nimbus THP;Santa Victoria Oeste;Salta;-22.25;-64.96;2367;A872924;Avda. 24 de Septiembre s/n - Santa Victoria Oeste;01/07/2015;20/09/2025
448;Stroeder -EEA Hilario Ascasubi;Nimbus THP;Stroeder;Buenos Aires;-40.18;-62.61;21;A872842;A 1 km de RN 3 km 900 (por camino vecinal);30/11/2015;20/09/2025
392;Sumalao - EEA Catamarca;Nimbus THP;Sumalao;Catamarca;-28.47;-65.73;527;A872884;Ruta Prov. n° 33 km 4, CP:4705;09/11/2012;20/09/2025
461;Tilisarao - EEA San Luis;Nimbus THP;Tilisarao;San Luis;-32.67;-65.23;7.287.999.877.929.680;A872931;Autopista 55 Km 886.0;01/09/2014;20/09/2025
245;Tornquist - EEA Bordenave;Nimbus THP;Tornquist;Buenos Aires;-38.12;-62.24;280;A872825;Acc. Tornquist a Ruta Nac. 33;24/11/2010;20/09/2025
507;Trancas - EEA Famaillá;Nimbus THP;Famaillá;Tucuman;-26.28;-65.27;7.710.999.755.859.370;A872877;-;16/12/2015;20/09/2025
367;Trenque Lauquen - EEA Villegas;Nimbus THP;Trenque Lauquen;Buenos Aires;-35.97;-62.77;57;A872906;Uribarri S/N;27/09/2012;13/04/2024
690;Trevelin - EEA Esquel;Nimbus THP;Trevelin;Chubut;-43.12;-71.55;339;A872852;Ruta de acceso a presa Futaleufú, km 13 (C.P.: 920;07/05/2021;11/09/2025
676;Tupungato - EEA La Consulta;Nimbus THP;Tupungato;Mendoza;-33.03;-69.28;100;A872941;Ruta Provincial 89, sn;27/11/2019;20/09/2025
66;UNR - Zavalla (EMC);Convencional Instr. Completo;Puan;Santa Fe;-33.02;-60.88;50;NH0046;xxxxxxxxxxxxx;01/01/1973;31/03/2023
386;V Miguel Lanus -EEA Cerro Azul;Nimbus THP;Villa Miguel Lanus;Misiones;-27.43;-55.89;120;A872909;Ruta Nacional 12 km 7,5, CP: 3304;27/02/2013;26/01/2025
719;Vaca Huañuna - EEA Santiago;Nimbus THP;Vaca Huañuna;Santiago del Estero;-27.47;-63.47;161;A872813;RP2, km116, Departamento Figueroa;07/01/2025;02/07/2025
724;Valle Inferior - EEA Valle Inf.;Nimbus THP;Viedma;Río Negro;-40.8;-63.06;12;A872970;Ruta Nac. 3, km 971, Viedma, Río Negro.;02/07/2025;08/09/2025
275;Viamonte - ICyA CIRN;Nimbus THP;Viamonte;Córdoba;-33.83;-63.02;132;A872861;Z Rural Gral Viamonte. CP:2651 (a 8 km de ruta 3);23/05/2012;20/09/2025
511;Villa Ana - EEA Reconquista;Nimbus THP;Villa Ana;Santa Fe;-28.44;-59.8;85;A872963;RP 295, Km 19. Dto. Vera, Juridiccion Golondrina;31/05/2016;12/09/2024
477;Villa Dolores - EEA Manfredi;Nimbus THP;Manfredi;Córdoba;-31.94;-65.22;7.077.000.122.070.310;A872826;-;21/08/2015;20/09/2025
420;Villa Mercedes - EEA San Luis;Nimbus THP;Villa Mercedes;San Luis;-33.66;-65.41;515;A872930;Rutas 7 Km 591, CP: 5730;19/08/2014;25/04/2024
694;Villa Paranacito-EEA C. del Ur;Nimbus THP;Villa Paranacito;Entre Rios;-33.71;-58.65;10;A872804;Arroyo La Tinta, Villa Paranacito. C.P.: 2823;12/04/2021;20/09/2025
695;Villa Ramallo - EEA San Pedro;Nimbus THP;Villa Ramallo;Buenos Aires;-33.52;-60.11;10;A872948;Ruta 9, km 208, Villa Ramallo;20/05/2021;20/07/2025
366;Villalonga - EEA H Ascasubi;Nimbus THP;Villalonga;Buenos Aires;-39.92;-62.62;15;A872841;Villalonga, CP: 8512 Partido de Patagones;19/09/2012;20/09/2025
