departamento_nombre,provincia_id,provincia_nombre,ano,semanas_epidemiologicas,evento_nombre,grupo_edad_id,grupo_edad_desc,cantidad_casos,departamento_nombre_normalizado,provincia_nombre_normalizado,fila_original,departamento_id_uta_2020
comuna 3,2,ciudad de buenos aires,2018,15,dengue,6,de 15 a 19 anos,1,comuna 3,ciudad de buenos aires,2,2003
comuna 4,2,ciudad de buenos aires,2018,6,dengue,6,de 15 a 19 anos,1,comuna 4,ciudad de buenos aires,3,2004
berazategui,6,buenos aires,2018,11,dengue,7,de 20 a 24 anos,1,berazategui,buenos aires,4,6091
berazategui,6,buenos aires,2018,14,dengue,9,de 35 a 44 anos,2,berazategui,buenos aires,5,6091
berazategui,6,buenos aires,2018,19,dengue,11,mayores de 65 anos,1,berazategui,buenos aires,6,6091
berazategui,6,buenos aires,2018,21,dengue,9,de 35 a 44 anos,1,berazategui,buenos aires,7,6091
la matanza,6,buenos aires,2018,12,dengue,6,de 15 a 19 anos,1,la matanza,buenos aires,8,6427
la matanza,6,buenos aires,2018,16,dengue,6,de 15 a 19 anos,1,la matanza,buenos aires,9,6427
la plata,6,buenos aires,2018,14,dengue,11,mayores de 65 anos,1,la plata,buenos aires,10,6441
guaymallen,50,mendoza,2018,23,dengue,10,de 45 a 65 anos,1,guaymallen,mendoza,11,50028
9 de julio,82,santa fe,2018,20,dengue,6,de 15 a 19 anos,1,9 de julio,santa fe,12,82077
9 de julio,82,santa fe,2018,23,dengue,9,de 35 a 44 anos,1,9 de julio,santa fe,13,82077
comuna 1,2,ciudad de buenos aires,2018,16,dengue,11,mayores de 65 anos,1,comuna 1,ciudad de buenos aires,14,2001
comuna 1,2,ciudad de buenos aires,2018,17,dengue,9,de 35 a 44 anos,1,comuna 1,ciudad de buenos aires,15,2001
comuna 1,2,ciudad de buenos aires,2018,18,dengue,10,de 45 a 65 anos,1,comuna 1,ciudad de buenos aires,16,2001
comuna 2,2,ciudad de buenos aires,2018,10,dengue,10,de 45 a 65 anos,1,comuna 2,ciudad de buenos aires,17,2002
comuna 2,2,ciudad de buenos aires,2018,18,dengue,8,de 25 a 34 anos,1,comuna 2,ciudad de buenos aires,18,2002
comuna 3,2,ciudad de buenos aires,2018,8,dengue,10,de 45 a 65 anos,1,comuna 3,ciudad de buenos aires,19,2003
comuna 3,2,ciudad de buenos aires,2018,9,dengue,9,de 35 a 44 anos,1,comuna 3,ciudad de buenos aires,20,2003
comuna 3,2,ciudad de buenos aires,2018,9,dengue,11,mayores de 65 anos,2,comuna 3,ciudad de buenos aires,21,2003
comuna 3,2,ciudad de buenos aires,2018,10,dengue,7,de 20 a 24 anos,1,comuna 3,ciudad de buenos aires,22,2003
comuna 3,2,ciudad de buenos aires,2018,11,dengue,11,mayores de 65 anos,2,comuna 3,ciudad de buenos aires,23,2003
comuna 3,2,ciudad de buenos aires,2018,12,dengue,10,de 45 a 65 anos,2,comuna 3,ciudad de buenos aires,24,2003
comuna 3,2,ciudad de buenos aires,2018,12,dengue,11,mayores de 65 anos,2,comuna 3,ciudad de buenos aires,25,2003
comuna 3,2,ciudad de buenos aires,2018,13,dengue,11,mayores de 65 anos,1,comuna 3,ciudad de buenos aires,26,2003
comuna 3,2,ciudad de buenos aires,2018,14,dengue,7,de 20 a 24 anos,1,comuna 3,ciudad de buenos aires,27,2003
comuna 3,2,ciudad de buenos aires,2018,15,dengue,11,mayores de 65 anos,1,comuna 3,ciudad de buenos aires,28,2003
comuna 3,2,ciudad de buenos aires,2018,16,dengue,5,de 10 a 14 anos,3,comuna 3,ciudad de buenos aires,29,2003
comuna 3,2,ciudad de buenos aires,2018,17,dengue,8,de 25 a 34 anos,1,comuna 3,ciudad de buenos aires,30,2003
comuna 3,2,ciudad de buenos aires,2018,18,dengue,11,mayores de 65 anos,1,comuna 3,ciudad de buenos aires,31,2003
comuna 4,2,ciudad de buenos aires,2018,6,dengue,5,de 10 a 14 anos,1,comuna 4,ciudad de buenos aires,32,2004
comuna 4,2,ciudad de buenos aires,2018,8,dengue,9,de 35 a 44 anos,1,comuna 4,ciudad de buenos aires,33,2004
comuna 4,2,ciudad de buenos aires,2018,8,dengue,10,de 45 a 65 anos,1,comuna 4,ciudad de buenos aires,34,2004
comuna 4,2,ciudad de buenos aires,2018,9,dengue,11,mayores de 65 anos,1,comuna 4,ciudad de buenos aires,35,2004
comuna 4,2,ciudad de buenos aires,2018,10,dengue,7,de 20 a 24 anos,1,comuna 4,ciudad de buenos aires,36,2004
comuna 4,2,ciudad de buenos aires,2018,10,dengue,9,de 35 a 44 anos,1,comuna 4,ciudad de buenos aires,37,2004
comuna 4,2,ciudad de buenos aires,2018,10,dengue,10,de 45 a 65 anos,1,comuna 4,ciudad de buenos aires,38,2004
comuna 4,2,ciudad de buenos aires,2018,11,dengue,7,de 20 a 24 anos,1,comuna 4,ciudad de buenos aires,39,2004
comuna 4,2,ciudad de buenos aires,2018,12,dengue,7,de 20 a 24 anos,1,comuna 4,ciudad de buenos aires,40,2004
comuna 4,2,ciudad de buenos aires,2018,12,dengue,9,de 35 a 44 anos,2,comuna 4,ciudad de buenos aires,41,2004
comuna 4,2,ciudad de buenos aires,2018,12,dengue,10,de 45 a 65 anos,1,comuna 4,ciudad de buenos aires,42,2004
comuna 4,2,ciudad de buenos aires,2018,13,dengue,7,de 20 a 24 anos,4,comuna 4,ciudad de buenos aires,43,2004
comuna 4,2,ciudad de buenos aires,2018,13,dengue,11,mayores de 65 anos,1,comuna 4,ciudad de buenos aires,44,2004
comuna 4,2,ciudad de buenos aires,2018,14,dengue,6,de 15 a 19 anos,1,comuna 4,ciudad de buenos aires,45,2004
comuna 4,2,ciudad de buenos aires,2018,14,dengue,7,de 20 a 24 anos,1,comuna 4,ciudad de buenos aires,46,2004
comuna 4,2,ciudad de buenos aires,2018,14,dengue,10,de 45 a 65 anos,3,comuna 4,ciudad de buenos aires,47,2004
comuna 4,2,ciudad de buenos aires,2018,14,dengue,11,mayores de 65 anos,1,comuna 4,ciudad de buenos aires,48,2004
comuna 4,2,ciudad de buenos aires,2018,15,dengue,7,de 20 a 24 anos,1,comuna 4,ciudad de buenos aires,49,2004
comuna 4,2,ciudad de buenos aires,2018,15,dengue,7,de 20 a 24 anos,2,comuna 4,ciudad de buenos aires,50,2004
comuna 4,2,ciudad de buenos aires,2018,15,dengue,10,de 45 a 65 anos,1,comuna 4,ciudad de buenos aires,51,2004
comuna 4,2,ciudad de buenos aires,2018,15,dengue,11,mayores de 65 anos,1,comuna 4,ciudad de buenos aires,52,2004
comuna 4,2,ciudad de buenos aires,2018,15,dengue,11,mayores de 65 anos,1,comuna 4,ciudad de buenos aires,53,2004
comuna 4,2,ciudad de buenos aires,2018,16,dengue,2,de 13 a 24 meses,1,comuna 4,ciudad de buenos aires,54,2004
comuna 4,2,ciudad de buenos aires,2018,16,dengue,5,de 10 a 14 anos,3,comuna 4,ciudad de buenos aires,55,2004
comuna 4,2,ciudad de buenos aires,2018,16,dengue,6,de 15 a 19 anos,1,comuna 4,ciudad de buenos aires,56,2004
comuna 4,2,ciudad de buenos aires,2018,16,dengue,7,de 20 a 24 anos,2,comuna 4,ciudad de buenos aires,57,2004
comuna 4,2,ciudad de buenos aires,2018,16,dengue,8,de 25 a 34 anos,1,comuna 4,ciudad de buenos aires,58,2004
comuna 4,2,ciudad de buenos aires,2018,16,dengue,10,de 45 a 65 anos,2,comuna 4,ciudad de buenos aires,59,2004
comuna 4,2,ciudad de buenos aires,2018,16,dengue,11,mayores de 65 anos,1,comuna 4,ciudad de buenos aires,60,2004
comuna 4,2,ciudad de buenos aires,2018,16,dengue,11,mayores de 65 anos,1,comuna 4,ciudad de buenos aires,61,2004
comuna 4,2,ciudad de buenos aires,2018,17,dengue,5,de 10 a 14 anos,1,comuna 4,ciudad de buenos aires,62,2004
comuna 4,2,ciudad de buenos aires,2018,17,dengue,6,de 15 a 19 anos,2,comuna 4,ciudad de buenos aires,63,2004
comuna 4,2,ciudad de buenos aires,2018,17,dengue,8,de 25 a 34 anos,2,comuna 4,ciudad de buenos aires,64,2004
comuna 4,2,ciudad de buenos aires,2018,17,dengue,9,de 35 a 44 anos,3,comuna 4,ciudad de buenos aires,65,2004
comuna 4,2,ciudad de buenos aires,2018,17,dengue,11,mayores de 65 anos,1,comuna 4,ciudad de buenos aires,66,2004
comuna 4,2,ciudad de buenos aires,2018,18,dengue,6,de 15 a 19 anos,5,comuna 4,ciudad de buenos aires,67,2004
comuna 4,2,ciudad de buenos aires,2018,18,dengue,8,de 25 a 34 anos,3,comuna 4,ciudad de buenos aires,68,2004
comuna 4,2,ciudad de buenos aires,2018,18,dengue,9,de 35 a 44 anos,2,comuna 4,ciudad de buenos aires,69,2004
comuna 4,2,ciudad de buenos aires,2018,18,dengue,10,de 45 a 65 anos,4,comuna 4,ciudad de buenos aires,70,2004
comuna 4,2,ciudad de buenos aires,2018,18,dengue,11,mayores de 65 anos,2,comuna 4,ciudad de buenos aires,71,2004
comuna 4,2,ciudad de buenos aires,2018,19,dengue,5,de 10 a 14 anos,1,comuna 4,ciudad de buenos aires,72,2004
comuna 4,2,ciudad de buenos aires,2018,19,dengue,8,de 25 a 34 anos,1,comuna 4,ciudad de buenos aires,73,2004
comuna 4,2,ciudad de buenos aires,2018,19,dengue,10,de 45 a 65 anos,2,comuna 4,ciudad de buenos aires,74,2004
comuna 4,2,ciudad de buenos aires,2018,21,dengue,11,mayores de 65 anos,2,comuna 4,ciudad de buenos aires,75,2004
comuna 4,2,ciudad de buenos aires,2018,24,dengue,6,de 15 a 19 anos,1,comuna 4,ciudad de buenos aires,76,2004
comuna 5,2,ciudad de buenos aires,2018,11,dengue,10,de 45 a 65 anos,1,comuna 5,ciudad de buenos aires,77,2005
comuna 5,2,ciudad de buenos aires,2018,23,dengue,8,de 25 a 34 anos,1,comuna 5,ciudad de buenos aires,78,2005
comuna 6,2,ciudad de buenos aires,2018,13,dengue,11,mayores de 65 anos,1,comuna 6,ciudad de buenos aires,79,2006
comuna 6,2,ciudad de buenos aires,2018,19,dengue,10,de 45 a 65 anos,1,comuna 6,ciudad de buenos aires,80,2006
comuna 7,2,ciudad de buenos aires,2018,17,dengue,9,de 35 a 44 anos,1,comuna 7,ciudad de buenos aires,81,2007
comuna 7,2,ciudad de buenos aires,2018,18,dengue,9,de 35 a 44 anos,1,comuna 7,ciudad de buenos aires,82,2007
comuna 7,2,ciudad de buenos aires,2018,18,dengue,10,de 45 a 65 anos,1,comuna 7,ciudad de buenos aires,83,2007
comuna 8,2,ciudad de buenos aires,2018,12,dengue,1,posneonato 29 hasta 365 dias,1,comuna 8,ciudad de buenos aires,84,2008
comuna 8,2,ciudad de buenos aires,2018,15,dengue,10,de 45 a 65 anos,1,comuna 8,ciudad de buenos aires,85,2008
comuna 8,2,ciudad de buenos aires,2018,18,dengue,6,de 15 a 19 anos,1,comuna 8,ciudad de buenos aires,86,2008
comuna 8,2,ciudad de buenos aires,2018,18,dengue,10,de 45 a 65 anos,1,comuna 8,ciudad de buenos aires,87,2008
comuna 8,2,ciudad de buenos aires,2018,18,dengue,11,mayores de 65 anos,1,comuna 8,ciudad de buenos aires,88,2008
comuna 8,2,ciudad de buenos aires,2018,18,dengue,11,mayores de 65 anos,1,comuna 8,ciudad de buenos aires,89,2008
comuna 8,2,ciudad de buenos aires,2018,19,dengue,4,de 5 a 9 anos,1,comuna 8,ciudad de buenos aires,90,2008
comuna 9,2,ciudad de buenos aires,2018,5,dengue,7,de 20 a 24 anos,1,comuna 9,ciudad de buenos aires,91,2009
comuna 9,2,ciudad de buenos aires,2018,18,dengue,10,de 45 a 65 anos,1,comuna 9,ciudad de buenos aires,92,2009
comuna 9,2,ciudad de buenos aires,2018,18,dengue,11,mayores de 65 anos,1,comuna 9,ciudad de buenos aires,93,2009
comuna 10,2,ciudad de buenos aires,2018,16,dengue,4,de 5 a 9 anos,1,comuna 10,ciudad de buenos aires,94,2010
comuna 10,2,ciudad de buenos aires,2018,18,dengue,5,de 10 a 14 anos,1,comuna 10,ciudad de buenos aires,95,2010
comuna 10,2,ciudad de buenos aires,2018,18,dengue,6,de 15 a 19 anos,1,comuna 10,ciudad de buenos aires,96,2010
comuna 12,2,ciudad de buenos aires,2018,11,dengue,7,de 20 a 24 anos,1,comuna 12,ciudad de buenos aires,97,2012
comuna 12,2,ciudad de buenos aires,2018,11,dengue,11,mayores de 65 anos,1,comuna 12,ciudad de buenos aires,98,2012
comuna 12,2,ciudad de buenos aires,2018,13,dengue,11,mayores de 65 anos,1,comuna 12,ciudad de buenos aires,99,2012
comuna 12,2,ciudad de buenos aires,2018,17,dengue,11,mayores de 65 anos,1,comuna 12,ciudad de buenos aires,100,2012
comuna 12,2,ciudad de buenos aires,2018,19,dengue,9,de 35 a 44 anos,1,comuna 12,ciudad de buenos aires,101,2012
comuna 14,2,ciudad de buenos aires,2018,38,dengue,9,de 35 a 44 anos,1,comuna 14,ciudad de buenos aires,102,2014
comuna 15,2,ciudad de buenos aires,2018,9,dengue,10,de 45 a 65 anos,1,comuna 15,ciudad de buenos aires,103,2015
comuna 15,2,ciudad de buenos aires,2018,12,dengue,11,mayores de 65 anos,1,comuna 15,ciudad de buenos aires,104,2015
comuna 15,2,ciudad de buenos aires,2018,15,dengue,11,mayores de 65 anos,1,comuna 15,ciudad de buenos aires,105,2015
comuna 15,2,ciudad de buenos aires,2018,16,dengue,9,de 35 a 44 anos,1,comuna 15,ciudad de buenos aires,106,2015
comuna 15,2,ciudad de buenos aires,2018,17,dengue,11,mayores de 65 anos,1,comuna 15,ciudad de buenos aires,107,2015
comuna 15,2,ciudad de buenos aires,2018,18,dengue,7,de 20 a 24 anos,1,comuna 15,ciudad de buenos aires,108,2015
almirante brown,6,buenos aires,2018,16,dengue,11,mayores de 65 anos,1,almirante brown,buenos aires,109,6028
almirante brown,6,buenos aires,2018,18,dengue,11,mayores de 65 anos,1,almirante brown,buenos aires,110,6028
almirante brown,6,buenos aires,2018,19,dengue,10,de 45 a 65 anos,1,almirante brown,buenos aires,111,6028
avellaneda,6,rio negro,2018,7,dengue,7,de 20 a 24 anos,1,avellaneda,buenos aires,112,62014
avellaneda,6,rio negro,2018,7,dengue,11,mayores de 65 anos,1,avellaneda,buenos aires,113,62014
avellaneda,6,rio negro,2018,9,dengue,6,de 15 a 19 anos,1,avellaneda,buenos aires,114,62014
avellaneda,6,rio negro,2018,9,dengue,7,de 20 a 24 anos,1,avellaneda,buenos aires,115,62014
avellaneda,6,rio negro,2018,9,dengue,9,de 35 a 44 anos,1,avellaneda,buenos aires,116,62014
avellaneda,6,rio negro,2018,10,dengue,7,de 20 a 24 anos,1,avellaneda,buenos aires,117,62014
avellaneda,6,rio negro,2018,10,dengue,11,mayores de 65 anos,1,avellaneda,buenos aires,118,62014
avellaneda,6,rio negro,2018,11,dengue,6,de 15 a 19 anos,2,avellaneda,buenos aires,119,62014
avellaneda,6,rio negro,2018,11,dengue,7,de 20 a 24 anos,1,avellaneda,buenos aires,120,62014
avellaneda,6,rio negro,2018,11,dengue,9,de 35 a 44 anos,1,avellaneda,buenos aires,121,62014
avellaneda,6,rio negro,2018,11,dengue,11,mayores de 65 anos,1,avellaneda,buenos aires,122,62014
avellaneda,6,rio negro,2018,12,dengue,6,de 15 a 19 anos,1,avellaneda,buenos aires,123,62014
avellaneda,6,rio negro,2018,12,dengue,10,de 45 a 65 anos,2,avellaneda,buenos aires,124,62014
avellaneda,6,rio negro,2018,13,dengue,9,de 35 a 44 anos,2,avellaneda,buenos aires,125,62014
avellaneda,6,rio negro,2018,13,dengue,10,de 45 a 65 anos,2,avellaneda,buenos aires,126,62014
avellaneda,6,rio negro,2018,13,dengue,11,mayores de 65 anos,1,avellaneda,buenos aires,127,62014
avellaneda,6,rio negro,2018,14,dengue,5,de 10 a 14 anos,1,avellaneda,buenos aires,128,62014
avellaneda,6,rio negro,2018,14,dengue,6,de 15 a 19 anos,2,avellaneda,buenos aires,129,62014
avellaneda,6,rio negro,2018,14,dengue,7,de 20 a 24 anos,1,avellaneda,buenos aires,130,62014
avellaneda,6,rio negro,2018,14,dengue,9,de 35 a 44 anos,3,avellaneda,buenos aires,131,62014
avellaneda,6,rio negro,2018,14,dengue,10,de 45 a 65 anos,1,avellaneda,buenos aires,132,62014
avellaneda,6,rio negro,2018,14,dengue,11,mayores de 65 anos,2,avellaneda,buenos aires,133,62014
avellaneda,6,rio negro,2018,15,dengue,5,de 10 a 14 anos,2,avellaneda,buenos aires,134,62014
avellaneda,6,rio negro,2018,15,dengue,9,de 35 a 44 anos,3,avellaneda,buenos aires,135,62014
avellaneda,6,rio negro,2018,15,dengue,11,mayores de 65 anos,1,avellaneda,buenos aires,136,62014
avellaneda,6,rio negro,2018,16,dengue,6,de 15 a 19 anos,1,avellaneda,buenos aires,137,62014
avellaneda,6,rio negro,2018,16,dengue,7,de 20 a 24 anos,2,avellaneda,buenos aires,138,62014
avellaneda,6,rio negro,2018,16,dengue,9,de 35 a 44 anos,1,avellaneda,buenos aires,139,62014
avellaneda,6,rio negro,2018,16,dengue,10,de 45 a 65 anos,2,avellaneda,buenos aires,140,62014
avellaneda,6,rio negro,2018,17,dengue,4,de 5 a 9 anos,1,avellaneda,buenos aires,141,62014
avellaneda,6,rio negro,2018,17,dengue,7,de 20 a 24 anos,3,avellaneda,buenos aires,142,62014
avellaneda,6,rio negro,2018,17,dengue,7,de 20 a 24 anos,1,avellaneda,buenos aires,143,62014
avellaneda,6,rio negro,2018,18,dengue,7,de 20 a 24 anos,2,avellaneda,buenos aires,144,62014
avellaneda,6,rio negro,2018,18,dengue,8,de 25 a 34 anos,1,avellaneda,buenos aires,145,62014
avellaneda,6,rio negro,2018,18,dengue,9,de 35 a 44 anos,3,avellaneda,buenos aires,146,62014
avellaneda,6,rio negro,2018,19,dengue,6,de 15 a 19 anos,2,avellaneda,buenos aires,147,62014
avellaneda,6,rio negro,2018,19,dengue,8,de 25 a 34 anos,1,avellaneda,buenos aires,148,62014
avellaneda,6,rio negro,2018,19,dengue,9,de 35 a 44 anos,1,avellaneda,buenos aires,149,62014
avellaneda,6,rio negro,2018,20,dengue,10,de 45 a 65 anos,1,avellaneda,buenos aires,150,62014
escobar,6,buenos aires,2018,40,dengue,7,de 20 a 24 anos,1,escobar,buenos aires,151,6252
esteban echeverria,6,buenos aires,2018,19,dengue,11,mayores de 65 anos,1,esteban echeverria,buenos aires,152,6260
ezeiza,6,buenos aires,2018,11,dengue,10,de 45 a 65 anos,1,ezeiza,buenos aires,153,6270
ezeiza,6,buenos aires,2018,13,dengue,9,de 35 a 44 anos,1,ezeiza,buenos aires,154,6270
ezeiza,6,buenos aires,2018,18,dengue,10,de 45 a 65 anos,1,ezeiza,buenos aires,155,6270
ezeiza,6,buenos aires,2018,19,dengue,9,de 35 a 44 anos,1,ezeiza,buenos aires,156,6270
florencio varela,6,buenos aires,2018,10,dengue,7,de 20 a 24 anos,1,florencio varela,buenos aires,157,6274
florencio varela,6,buenos aires,2018,19,dengue,11,mayores de 65 anos,1,florencio varela,buenos aires,158,6274
florencio varela,6,buenos aires,2018,41,dengue,8,de 25 a 34 anos,1,florencio varela,buenos aires,159,6274
general san martin,6,cordoba,2018,11,dengue,7,de 20 a 24 anos,1,general san martin,buenos aires,160,14042
ituzaingo,6,corrientes,2018,11,dengue,11,mayores de 65 anos,1,ituzaingo,buenos aires,161,18084
jose c paz,6,buenos aires,2018,19,dengue,8,de 25 a 34 anos,1,jose c paz,buenos aires,162,6412
la matanza,6,buenos aires,2018,9,dengue,9,de 35 a 44 anos,1,la matanza,buenos aires,163,6427
la matanza,6,buenos aires,2018,9,dengue,11,mayores de 65 anos,1,la matanza,buenos aires,164,6427
la matanza,6,buenos aires,2018,12,dengue,7,de 20 a 24 anos,1,la matanza,buenos aires,165,6427
la matanza,6,buenos aires,2018,12,dengue,11,mayores de 65 anos,1,la matanza,buenos aires,166,6427
la matanza,6,buenos aires,2018,13,dengue,7,de 20 a 24 anos,1,la matanza,buenos aires,167,6427
la matanza,6,buenos aires,2018,13,dengue,9,de 35 a 44 anos,1,la matanza,buenos aires,168,6427
la matanza,6,buenos aires,2018,13,dengue,10,de 45 a 65 anos,1,la matanza,buenos aires,169,6427
la matanza,6,buenos aires,2018,13,dengue,11,mayores de 65 anos,2,la matanza,buenos aires,170,6427
la matanza,6,buenos aires,2018,14,dengue,9,de 35 a 44 anos,2,la matanza,buenos aires,171,6427
la matanza,6,buenos aires,2018,14,dengue,11,mayores de 65 anos,2,la matanza,buenos aires,172,6427
la matanza,6,buenos aires,2018,14,dengue,11,mayores de 65 anos,1,la matanza,buenos aires,173,6427
la matanza,6,buenos aires,2018,15,dengue,11,mayores de 65 anos,1,la matanza,buenos aires,174,6427
la matanza,6,buenos aires,2018,16,dengue,5,de 10 a 14 anos,1,la matanza,buenos aires,175,6427
la matanza,6,buenos aires,2018,16,dengue,9,de 35 a 44 anos,1,la matanza,buenos aires,176,6427
la matanza,6,buenos aires,2018,16,dengue,10,de 45 a 65 anos,1,la matanza,buenos aires,177,6427
la matanza,6,buenos aires,2018,17,dengue,6,de 15 a 19 anos,1,la matanza,buenos aires,178,6427
la matanza,6,buenos aires,2018,17,dengue,9,de 35 a 44 anos,4,la matanza,buenos aires,179,6427
la matanza,6,buenos aires,2018,17,dengue,11,mayores de 65 anos,2,la matanza,buenos aires,180,6427
la matanza,6,buenos aires,2018,18,dengue,9,de 35 a 44 anos,3,la matanza,buenos aires,181,6427
la matanza,6,buenos aires,2018,18,dengue,10,de 45 a 65 anos,3,la matanza,buenos aires,182,6427
la matanza,6,buenos aires,2018,18,dengue,11,mayores de 65 anos,2,la matanza,buenos aires,183,6427
la matanza,6,buenos aires,2018,19,dengue,10,de 45 a 65 anos,2,la matanza,buenos aires,184,6427
la matanza,6,buenos aires,2018,21,dengue,8,de 25 a 34 anos,1,la matanza,buenos aires,185,6427
la matanza,6,buenos aires,2018,21,dengue,9,de 35 a 44 anos,1,la matanza,buenos aires,186,6427
lanus,6,buenos aires,2018,10,dengue,9,de 35 a 44 anos,1,lanus,buenos aires,187,6434
lanus,6,buenos aires,2018,10,dengue,11,mayores de 65 anos,1,lanus,buenos aires,188,6434
lanus,6,buenos aires,2018,14,dengue,6,de 15 a 19 anos,1,lanus,buenos aires,189,6434
lanus,6,buenos aires,2018,14,dengue,10,de 45 a 65 anos,1,lanus,buenos aires,190,6434
lanus,6,buenos aires,2018,15,dengue,9,de 35 a 44 anos,1,lanus,buenos aires,191,6434
lanus,6,buenos aires,2018,15,dengue,10,de 45 a 65 anos,1,lanus,buenos aires,192,6434
lanus,6,buenos aires,2018,16,dengue,9,de 35 a 44 anos,1,lanus,buenos aires,193,6434
lomas de zamora,6,buenos aires,2018,11,dengue,9,de 35 a 44 anos,1,lomas de zamora,buenos aires,194,6490
lomas de zamora,6,buenos aires,2018,11,dengue,11,mayores de 65 anos,1,lomas de zamora,buenos aires,195,6490
lomas de zamora,6,buenos aires,2018,12,dengue,9,de 35 a 44 anos,1,lomas de zamora,buenos aires,196,6490
lomas de zamora,6,buenos aires,2018,14,dengue,7,de 20 a 24 anos,1,lomas de zamora,buenos aires,197,6490
lomas de zamora,6,buenos aires,2018,15,dengue,6,de 15 a 19 anos,1,lomas de zamora,buenos aires,198,6490
lomas de zamora,6,buenos aires,2018,15,dengue,11,mayores de 65 anos,1,lomas de zamora,buenos aires,199,6490
lomas de zamora,6,buenos aires,2018,17,dengue,6,de 15 a 19 anos,2,lomas de zamora,buenos aires,200,6490
lomas de zamora,6,buenos aires,2018,18,dengue,10,de 45 a 65 anos,1,lomas de zamora,buenos aires,201,6490
merlo,6,buenos aires,2018,10,dengue,5,de 10 a 14 anos,1,merlo,buenos aires,202,6539
merlo,6,buenos aires,2018,10,dengue,10,de 45 a 65 anos,1,merlo,buenos aires,203,6539
merlo,6,buenos aires,2018,14,dengue,10,de 45 a 65 anos,1,merlo,buenos aires,204,6539
moron,6,buenos aires,2018,9,dengue,10,de 45 a 65 anos,1,moron,buenos aires,205,6568
moron,6,buenos aires,2018,10,dengue,10,de 45 a 65 anos,2,moron,buenos aires,206,6568
moron,6,buenos aires,2018,10,dengue,11,mayores de 65 anos,1,moron,buenos aires,207,6568
moron,6,buenos aires,2018,11,dengue,7,de 20 a 24 anos,1,moron,buenos aires,208,6568
moron,6,buenos aires,2018,15,dengue,7,de 20 a 24 anos,1,moron,buenos aires,209,6568
moron,6,buenos aires,2018,18,dengue,7,de 20 a 24 anos,1,moron,buenos aires,210,6568
moron,6,buenos aires,2018,18,dengue,11,mayores de 65 anos,1,moron,buenos aires,211,6568
9 de julio,22,santa fe,2018,16,dengue,6,de 15 a 19 anos,1,9 de julio,chaco,212,82077
9 de julio,22,santa fe,2018,17,dengue,10,de 45 a 65 anos,1,9 de julio,chaco,213,82077
9 de julio,22,santa fe,2018,18,dengue,9,de 35 a 44 anos,1,9 de julio,chaco,214,82077
9 de julio,22,santa fe,2018,18,dengue,11,mayores de 65 anos,1,9 de julio,chaco,215,82077
9 de julio,22,santa fe,2018,19,dengue,6,de 15 a 19 anos,1,9 de julio,chaco,216,82077
9 de julio,22,santa fe,2018,19,dengue,10,de 45 a 65 anos,1,9 de julio,chaco,217,82077
9 de julio,22,santa fe,2018,19,dengue,11,mayores de 65 anos,2,9 de julio,chaco,218,82077
9 de julio,22,santa fe,2018,20,dengue,6,de 15 a 19 anos,3,9 de julio,chaco,219,82077
9 de julio,22,santa fe,2018,20,dengue,11,mayores de 65 anos,1,9 de julio,chaco,220,82077
9 de julio,22,santa fe,2018,21,dengue,5,de 10 a 14 anos,1,9 de julio,chaco,221,82077
9 de julio,22,santa fe,2018,21,dengue,7,de 20 a 24 anos,1,9 de julio,chaco,222,82077
9 de julio,22,santa fe,2018,21,dengue,9,de 35 a 44 anos,2,9 de julio,chaco,223,82077
9 de julio,22,santa fe,2018,21,dengue,11,mayores de 65 anos,2,9 de julio,chaco,224,82077
9 de julio,22,santa fe,2018,22,dengue,10,de 45 a 65 anos,1,9 de julio,chaco,225,82077
9 de julio,22,santa fe,2018,22,dengue,11,mayores de 65 anos,1,9 de julio,chaco,226,82077
9 de julio,22,santa fe,2018,23,dengue,11,mayores de 65 anos,1,9 de julio,chaco,227,82077
quilmes,6,buenos aires,2018,15,dengue,8,de 25 a 34 anos,1,quilmes,buenos aires,228,6658
quilmes,6,buenos aires,2018,17,dengue,10,de 45 a 65 anos,1,quilmes,buenos aires,229,6658
quilmes,6,buenos aires,2018,18,dengue,7,de 20 a 24 anos,3,quilmes,buenos aires,230,6658
quilmes,6,buenos aires,2018,19,dengue,5,de 10 a 14 anos,1,quilmes,buenos aires,231,6658
quilmes,6,buenos aires,2018,19,dengue,9,de 35 a 44 anos,1,quilmes,buenos aires,232,6658
quilmes,6,buenos aires,2018,19,dengue,11,mayores de 65 anos,1,quilmes,buenos aires,233,6658
quilmes,6,buenos aires,2018,20,dengue,6,de 15 a 19 anos,1,quilmes,buenos aires,234,6658
quilmes,6,buenos aires,2018,20,dengue,7,de 20 a 24 anos,1,quilmes,buenos aires,235,6658
quilmes,6,buenos aires,2018,21,dengue,10,de 45 a 65 anos,2,quilmes,buenos aires,236,6658
quilmes,6,buenos aires,2018,8,dengue,9,de 35 a 44 anos,1,quilmes,buenos aires,237,6658
quilmes,6,buenos aires,2018,11,dengue,9,de 35 a 44 anos,1,quilmes,buenos aires,238,6658
quilmes,6,buenos aires,2018,12,dengue,9,de 35 a 44 anos,1,quilmes,buenos aires,239,6658
quilmes,6,buenos aires,2018,12,dengue,11,mayores de 65 anos,1,quilmes,buenos aires,240,6658
quilmes,6,buenos aires,2018,14,dengue,7,de 20 a 24 anos,2,quilmes,buenos aires,241,6658
quilmes,6,buenos aires,2018,14,dengue,10,de 45 a 65 anos,1,quilmes,buenos aires,242,6658
quilmes,6,buenos aires,2018,15,dengue,7,de 20 a 24 anos,1,quilmes,buenos aires,243,6658
quilmes,6,buenos aires,2018,15,dengue,9,de 35 a 44 anos,3,quilmes,buenos aires,244,6658
quilmes,6,buenos aires,2018,15,dengue,11,mayores de 65 anos,1,quilmes,buenos aires,245,6658
quilmes,6,buenos aires,2018,16,dengue,9,de 35 a 44 anos,2,quilmes,buenos aires,246,6658
quilmes,6,buenos aires,2018,16,dengue,11,mayores de 65 anos,1,quilmes,buenos aires,247,6658
ramallo,6,buenos aires,2018,18,dengue,9,de 35 a 44 anos,1,ramallo,buenos aires,248,6665
tigre,6,buenos aires,2018,20,dengue,9,de 35 a 44 anos,1,tigre,buenos aires,249,6805
tigre,6,buenos aires,2018,40,dengue,9,de 35 a 44 anos,1,tigre,buenos aires,250,6805
tres de febrero,6,buenos aires,2018,15,dengue,7,de 20 a 24 anos,1,tres de febrero,buenos aires,251,6840
tres de febrero,6,buenos aires,2018,17,dengue,9,de 35 a 44 anos,1,tres de febrero,buenos aires,252,6840
tres de febrero,6,buenos aires,2018,18,dengue,7,de 20 a 24 anos,1,tres de febrero,buenos aires,253,6840
tres de febrero,6,buenos aires,2018,18,dengue,11,mayores de 65 anos,2,tres de febrero,buenos aires,254,6840
tres de febrero,6,buenos aires,2018,19,dengue,8,de 25 a 34 anos,1,tres de febrero,buenos aires,255,6840
tres de febrero,6,buenos aires,2018,19,dengue,10,de 45 a 65 anos,1,tres de febrero,buenos aires,256,6840
tres de febrero,6,buenos aires,2018,20,dengue,9,de 35 a 44 anos,1,tres de febrero,buenos aires,257,6840
vicente lopez,6,buenos aires,2018,14,dengue,6,de 15 a 19 anos,1,vicente lopez,buenos aires,258,6861
vicente lopez,6,buenos aires,2018,52,dengue,1,posneonato 29 hasta 365 dias,1,vicente lopez,buenos aires,259,6861
tercero arriba,14,cordoba,2018,21,dengue,9,de 35 a 44 anos,1,tercero arriba,cordoba,260,14161
corrientes capital,18,corrientes,2018,11,dengue,11,mayores de 65 anos,1,corrientes capital,corrientes,261,18021
corrientes capital,18,corrientes,2018,16,dengue,11,mayores de 65 anos,1,corrientes capital,corrientes,262,18021
corrientes capital,18,corrientes,2018,18,dengue,10,de 45 a 65 anos,1,corrientes capital,corrientes,263,18021
corrientes capital,18,corrientes,2018,19,dengue,1,posneonato 29 hasta 365 dias,1,corrientes capital,corrientes,264,18021
corrientes capital,18,corrientes,2018,19,dengue,6,de 15 a 19 anos,1,corrientes capital,corrientes,265,18021
corrientes capital,18,corrientes,2018,19,dengue,9,de 35 a 44 anos,1,corrientes capital,corrientes,266,18021
corrientes capital,18,corrientes,2018,19,dengue,10,de 45 a 65 anos,2,corrientes capital,corrientes,267,18021
corrientes capital,18,corrientes,2018,20,dengue,5,de 10 a 14 anos,1,corrientes capital,corrientes,268,18021
corrientes capital,18,corrientes,2018,20,dengue,6,de 15 a 19 anos,1,corrientes capital,corrientes,269,18021
corrientes capital,18,corrientes,2018,20,dengue,7,de 20 a 24 anos,3,corrientes capital,corrientes,270,18021
corrientes capital,18,corrientes,2018,20,dengue,9,de 35 a 44 anos,3,corrientes capital,corrientes,271,18021
corrientes capital,18,corrientes,2018,20,dengue,10,de 45 a 65 anos,7,corrientes capital,corrientes,272,18021
corrientes capital,18,corrientes,2018,20,dengue,11,mayores de 65 anos,3,corrientes capital,corrientes,273,18021
corrientes capital,18,corrientes,2018,20,dengue,11,mayores de 65 anos,3,corrientes capital,corrientes,274,18021
corrientes capital,18,corrientes,2018,21,dengue,6,de 15 a 19 anos,1,corrientes capital,corrientes,275,18021
corrientes capital,18,corrientes,2018,21,dengue,7,de 20 a 24 anos,1,corrientes capital,corrientes,276,18021
corrientes capital,18,corrientes,2018,21,dengue,8,de 25 a 34 anos,3,corrientes capital,corrientes,277,18021
corrientes capital,18,corrientes,2018,21,dengue,9,de 35 a 44 anos,3,corrientes capital,corrientes,278,18021
corrientes capital,18,corrientes,2018,21,dengue,10,de 45 a 65 anos,2,corrientes capital,corrientes,279,18021
corrientes capital,18,corrientes,2018,21,dengue,11,mayores de 65 anos,1,corrientes capital,corrientes,280,18021
corrientes capital,18,corrientes,2018,22,dengue,4,de 5 a 9 anos,1,corrientes capital,corrientes,281,18021
corrientes capital,18,corrientes,2018,22,dengue,5,de 10 a 14 anos,1,corrientes capital,corrientes,282,18021
corrientes capital,18,corrientes,2018,22,dengue,9,de 35 a 44 anos,2,corrientes capital,corrientes,283,18021
corrientes capital,18,corrientes,2018,22,dengue,10,de 45 a 65 anos,1,corrientes capital,corrientes,284,18021
corrientes capital,18,corrientes,2018,22,dengue,11,mayores de 65 anos,3,corrientes capital,corrientes,285,18021
corrientes capital,18,corrientes,2018,22,dengue,11,mayores de 65 anos,1,corrientes capital,corrientes,286,18021
corrientes capital,18,corrientes,2018,23,dengue,4,de 5 a 9 anos,1,corrientes capital,corrientes,287,18021
corrientes capital,18,corrientes,2018,23,dengue,5,de 10 a 14 anos,1,corrientes capital,corrientes,288,18021
corrientes capital,18,corrientes,2018,23,dengue,6,de 15 a 19 anos,1,corrientes capital,corrientes,289,18021
corrientes capital,18,corrientes,2018,23,dengue,8,de 25 a 34 anos,2,corrientes capital,corrientes,290,18021
corrientes capital,18,corrientes,2018,23,dengue,11,mayores de 65 anos,1,corrientes capital,corrientes,291,18021
corrientes capital,18,corrientes,2018,23,dengue,11,mayores de 65 anos,2,corrientes capital,corrientes,292,18021
corrientes capital,18,corrientes,2018,24,dengue,6,de 15 a 19 anos,1,corrientes capital,corrientes,293,18021
corrientes capital,18,corrientes,2018,24,dengue,8,de 25 a 34 anos,1,corrientes capital,corrientes,294,18021
corrientes capital,18,corrientes,2018,24,dengue,10,de 45 a 65 anos,1,corrientes capital,corrientes,295,18021
corrientes capital,18,corrientes,2018,24,dengue,11,mayores de 65 anos,4,corrientes capital,corrientes,296,18021
corrientes capital,18,corrientes,2018,24,dengue,11,mayores de 65 anos,1,corrientes capital,corrientes,297,18021
corrientes capital,18,corrientes,2018,25,dengue,11,mayores de 65 anos,1,corrientes capital,corrientes,298,18021
corrientes capital,18,corrientes,2018,26,dengue,8,de 25 a 34 anos,1,corrientes capital,corrientes,299,18021
corrientes capital,18,corrientes,2018,26,dengue,11,mayores de 65 anos,1,corrientes capital,corrientes,300,18021
corrientes capital,18,corrientes,2018,27,dengue,11,mayores de 65 anos,1,corrientes capital,corrientes,301,18021
corrientes capital,18,corrientes,2018,28,dengue,11,mayores de 65 anos,1,corrientes capital,corrientes,302,18021
saladas,18,corrientes,2018,18,dengue,4,de 5 a 9 anos,1,saladas,corrientes,303,18126
saladas,18,corrientes,2018,18,dengue,9,de 35 a 44 anos,2,saladas,corrientes,304,18126
saladas,18,corrientes,2018,19,dengue,4,de 5 a 9 anos,1,saladas,corrientes,305,18126
saladas,18,corrientes,2018,19,dengue,5,de 10 a 14 anos,1,saladas,corrientes,306,18126
saladas,18,corrientes,2018,19,dengue,6,de 15 a 19 anos,1,saladas,corrientes,307,18126
saladas,18,corrientes,2018,19,dengue,7,de 20 a 24 anos,3,saladas,corrientes,308,18126
saladas,18,corrientes,2018,19,dengue,8,de 25 a 34 anos,1,saladas,corrientes,309,18126
saladas,18,corrientes,2018,19,dengue,9,de 35 a 44 anos,6,saladas,corrientes,310,18126
saladas,18,corrientes,2018,19,dengue,10,de 45 a 65 anos,6,saladas,corrientes,311,18126
saladas,18,corrientes,2018,19,dengue,11,mayores de 65 anos,5,saladas,corrientes,312,18126
saladas,18,corrientes,2018,19,dengue,11,mayores de 65 anos,2,saladas,corrientes,313,18126
saladas,18,corrientes,2018,20,dengue,7,de 20 a 24 anos,2,saladas,corrientes,314,18126
saladas,18,corrientes,2018,20,dengue,8,de 25 a 34 anos,3,saladas,corrientes,315,18126
saladas,18,corrientes,2018,20,dengue,10,de 45 a 65 anos,1,saladas,corrientes,316,18126
saladas,18,corrientes,2018,20,dengue,11,mayores de 65 anos,5,saladas,corrientes,317,18126
saladas,18,corrientes,2018,21,dengue,6,de 15 a 19 anos,2,saladas,corrientes,318,18126
saladas,18,corrientes,2018,21,dengue,7,de 20 a 24 anos,1,saladas,corrientes,319,18126
saladas,18,corrientes,2018,21,dengue,8,de 25 a 34 anos,1,saladas,corrientes,320,18126
saladas,18,corrientes,2018,21,dengue,9,de 35 a 44 anos,3,saladas,corrientes,321,18126
saladas,18,corrientes,2018,21,dengue,10,de 45 a 65 anos,1,saladas,corrientes,322,18126
saladas,18,corrientes,2018,21,dengue,11,mayores de 65 anos,1,saladas,corrientes,323,18126
saladas,18,corrientes,2018,22,dengue,9,de 35 a 44 anos,1,saladas,corrientes,324,18126
saladas,18,corrientes,2018,24,dengue,7,de 20 a 24 anos,1,saladas,corrientes,325,18126
san cosme,18,corrientes,2018,21,dengue,8,de 25 a 34 anos,1,san cosme,corrientes,326,18133
san miguel,6,corrientes,2018,18,dengue,10,de 45 a 65 anos,1,san miguel,buenos aires,327,18154
santo tome,18,corrientes,2018,16,dengue,10,de 45 a 65 anos,1,santo tome,corrientes,328,18168
santo tome,18,corrientes,2018,19,dengue,9,de 35 a 44 anos,1,santo tome,corrientes,329,18168
bermejo,22,formosa,2018,13,dengue,5,de 10 a 14 anos,1,bermejo,chaco,330,34007
bermejo,22,formosa,2018,14,dengue,11,mayores de 65 anos,2,bermejo,chaco,331,34007
bermejo,22,formosa,2018,17,dengue,9,de 35 a 44 anos,1,bermejo,chaco,332,34007
bermejo,22,formosa,2018,17,dengue,10,de 45 a 65 anos,1,bermejo,chaco,333,34007
bermejo,22,formosa,2018,17,dengue,11,mayores de 65 anos,1,bermejo,chaco,334,34007
bermejo,22,formosa,2018,17,dengue,11,mayores de 65 anos,1,bermejo,chaco,335,34007
bermejo,22,formosa,2018,18,dengue,5,de 10 a 14 anos,1,bermejo,chaco,336,34007
bermejo,22,formosa,2018,19,dengue,5,de 10 a 14 anos,1,bermejo,chaco,337,34007
bermejo,22,formosa,2018,19,dengue,11,mayores de 65 anos,1,bermejo,chaco,338,34007
bermejo,22,formosa,2018,20,dengue,6,de 15 a 19 anos,1,bermejo,chaco,339,34007
bermejo,22,formosa,2018,20,dengue,10,de 45 a 65 anos,1,bermejo,chaco,340,34007
comandante fernandez,22,chaco,2018,13,dengue,9,de 35 a 44 anos,1,comandante fernandez,chaco,341,22021
comandante fernandez,22,chaco,2018,15,dengue,11,mayores de 65 anos,1,comandante fernandez,chaco,342,22021
comandante fernandez,22,chaco,2018,18,dengue,7,de 20 a 24 anos,1,comandante fernandez,chaco,343,22021
comandante fernandez,22,chaco,2018,19,dengue,7,de 20 a 24 anos,1,comandante fernandez,chaco,344,22021
comandante fernandez,22,chaco,2018,20,dengue,9,de 35 a 44 anos,1,comandante fernandez,chaco,345,22021
comandante fernandez,22,chaco,2018,20,dengue,11,mayores de 65 anos,4,comandante fernandez,chaco,346,22021
comandante fernandez,22,chaco,2018,20,dengue,11,mayores de 65 anos,1,comandante fernandez,chaco,347,22021
comandante fernandez,22,chaco,2018,21,dengue,6,de 15 a 19 anos,1,comandante fernandez,chaco,348,22021
comandante fernandez,22,chaco,2018,21,dengue,10,de 45 a 65 anos,1,comandante fernandez,chaco,349,22021
comandante fernandez,22,chaco,2018,22,dengue,6,de 15 a 19 anos,1,comandante fernandez,chaco,350,22021
comandante fernandez,22,chaco,2018,22,dengue,9,de 35 a 44 anos,1,comandante fernandez,chaco,351,22021
comandante fernandez,22,chaco,2018,22,dengue,10,de 45 a 65 anos,1,comandante fernandez,chaco,352,22021
comandante fernandez,22,chaco,2018,23,dengue,4,de 5 a 9 anos,1,comandante fernandez,chaco,353,22021
comandante fernandez,22,chaco,2018,23,dengue,10,de 45 a 65 anos,1,comandante fernandez,chaco,354,22021
comandante fernandez,22,chaco,2018,25,dengue,9,de 35 a 44 anos,1,comandante fernandez,chaco,355,22021
comandante fernandez,22,chaco,2018,27,dengue,9,de 35 a 44 anos,1,comandante fernandez,chaco,356,22021
comandante fernandez,22,chaco,2018,28,dengue,7,de 20 a 24 anos,1,comandante fernandez,chaco,357,22021
comandante fernandez,22,chaco,2018,28,dengue,11,mayores de 65 anos,1,comandante fernandez,chaco,358,22021
12 de octubre,22,chaco,2018,17,dengue,8,de 25 a 34 anos,1,12 de octubre,chaco,359,22036
12 de octubre,22,chaco,2018,17,dengue,11,mayores de 65 anos,1,12 de octubre,chaco,360,22036
12 de octubre,22,chaco,2018,18,dengue,11,mayores de 65 anos,1,12 de octubre,chaco,361,22036
12 de octubre,22,chaco,2018,20,dengue,9,de 35 a 44 anos,2,12 de octubre,chaco,362,22036
12 de octubre,22,chaco,2018,20,dengue,10,de 45 a 65 anos,1,12 de octubre,chaco,363,22036
12 de octubre,22,chaco,2018,21,dengue,9,de 35 a 44 anos,1,12 de octubre,chaco,364,22036
12 de octubre,22,chaco,2018,21,dengue,11,mayores de 65 anos,2,12 de octubre,chaco,365,22036
12 de octubre,22,chaco,2018,22,dengue,7,de 20 a 24 anos,1,12 de octubre,chaco,366,22036
12 de octubre,22,chaco,2018,22,dengue,8,de 25 a 34 anos,1,12 de octubre,chaco,367,22036
12 de octubre,22,chaco,2018,22,dengue,10,de 45 a 65 anos,1,12 de octubre,chaco,368,22036
12 de octubre,22,chaco,2018,24,dengue,11,mayores de 65 anos,1,12 de octubre,chaco,369,22036
2 de abril,22,chaco,2018,4,dengue,9,de 35 a 44 anos,1,2 de abril,chaco,370,22039
2 de abril,22,chaco,2018,12,dengue,9,de 35 a 44 anos,1,2 de abril,chaco,371,22039
2 de abril,22,chaco,2018,14,dengue,9,de 35 a 44 anos,2,2 de abril,chaco,372,22039
2 de abril,22,chaco,2018,14,dengue,11,mayores de 65 anos,1,2 de abril,chaco,373,22039
2 de abril,22,chaco,2018,15,dengue,11,mayores de 65 anos,1,2 de abril,chaco,374,22039
2 de abril,22,chaco,2018,16,dengue,4,de 5 a 9 anos,2,2 de abril,chaco,375,22039
2 de abril,22,chaco,2018,16,dengue,5,de 10 a 14 anos,4,2 de abril,chaco,376,22039
2 de abril,22,chaco,2018,16,dengue,6,de 15 a 19 anos,1,2 de abril,chaco,377,22039
2 de abril,22,chaco,2018,16,dengue,7,de 20 a 24 anos,3,2 de abril,chaco,378,22039
2 de abril,22,chaco,2018,16,dengue,7,de 20 a 24 anos,7,2 de abril,chaco,379,22039
2 de abril,22,chaco,2018,16,dengue,8,de 25 a 34 anos,2,2 de abril,chaco,380,22039
2 de abril,22,chaco,2018,16,dengue,9,de 35 a 44 anos,6,2 de abril,chaco,381,22039
2 de abril,22,chaco,2018,16,dengue,10,de 45 a 65 anos,3,2 de abril,chaco,382,22039
2 de abril,22,chaco,2018,16,dengue,11,mayores de 65 anos,8,2 de abril,chaco,383,22039
2 de abril,22,chaco,2018,16,dengue,11,mayores de 65 anos,4,2 de abril,chaco,384,22039
2 de abril,22,chaco,2018,16,dengue,11,mayores de 65 anos,2,2 de abril,chaco,385,22039
2 de abril,22,chaco,2018,16,dengue,11,mayores de 65 anos,1,2 de abril,chaco,386,22039
2 de abril,22,chaco,2018,17,dengue,5,de 10 a 14 anos,3,2 de abril,chaco,387,22039
2 de abril,22,chaco,2018,17,dengue,6,de 15 a 19 anos,1,2 de abril,chaco,388,22039
2 de abril,22,chaco,2018,17,dengue,7,de 20 a 24 anos,3,2 de abril,chaco,389,22039
2 de abril,22,chaco,2018,17,dengue,7,de 20 a 24 anos,3,2 de abril,chaco,390,22039
2 de abril,22,chaco,2018,17,dengue,8,de 25 a 34 anos,4,2 de abril,chaco,391,22039
2 de abril,22,chaco,2018,17,dengue,9,de 35 a 44 anos,7,2 de abril,chaco,392,22039
2 de abril,22,chaco,2018,17,dengue,10,de 45 a 65 anos,5,2 de abril,chaco,393,22039
2 de abril,22,chaco,2018,17,dengue,11,mayores de 65 anos,3,2 de abril,chaco,394,22039
2 de abril,22,chaco,2018,17,dengue,11,mayores de 65 anos,10,2 de abril,chaco,395,22039
2 de abril,22,chaco,2018,17,dengue,11,mayores de 65 anos,1,2 de abril,chaco,396,22039
2 de abril,22,chaco,2018,17,dengue,11,mayores de 65 anos,6,2 de abril,chaco,397,22039
2 de abril,22,chaco,2018,18,dengue,4,de 5 a 9 anos,1,2 de abril,chaco,398,22039
2 de abril,22,chaco,2018,18,dengue,5,de 10 a 14 anos,3,2 de abril,chaco,399,22039
2 de abril,22,chaco,2018,18,dengue,6,de 15 a 19 anos,1,2 de abril,chaco,400,22039
2 de abril,22,chaco,2018,18,dengue,7,de 20 a 24 anos,5,2 de abril,chaco,401,22039
2 de abril,22,chaco,2018,18,dengue,8,de 25 a 34 anos,2,2 de abril,chaco,402,22039
2 de abril,22,chaco,2018,18,dengue,9,de 35 a 44 anos,8,2 de abril,chaco,403,22039
2 de abril,22,chaco,2018,18,dengue,10,de 45 a 65 anos,10,2 de abril,chaco,404,22039
2 de abril,22,chaco,2018,18,dengue,11,mayores de 65 anos,8,2 de abril,chaco,405,22039
2 de abril,22,chaco,2018,18,dengue,11,mayores de 65 anos,6,2 de abril,chaco,406,22039
2 de abril,22,chaco,2018,19,dengue,3,de 2 a 4 anos,1,2 de abril,chaco,407,22039
2 de abril,22,chaco,2018,19,dengue,4,de 5 a 9 anos,1,2 de abril,chaco,408,22039
2 de abril,22,chaco,2018,19,dengue,5,de 10 a 14 anos,2,2 de abril,chaco,409,22039
2 de abril,22,chaco,2018,19,dengue,6,de 15 a 19 anos,4,2 de abril,chaco,410,22039
2 de abril,22,chaco,2018,19,dengue,7,de 20 a 24 anos,9,2 de abril,chaco,411,22039
2 de abril,22,chaco,2018,19,dengue,8,de 25 a 34 anos,9,2 de abril,chaco,412,22039
2 de abril,22,chaco,2018,19,dengue,9,de 35 a 44 anos,8,2 de abril,chaco,413,22039
2 de abril,22,chaco,2018,19,dengue,10,de 45 a 65 anos,11,2 de abril,chaco,414,22039
2 de abril,22,chaco,2018,19,dengue,11,mayores de 65 anos,10,2 de abril,chaco,415,22039
2 de abril,22,chaco,2018,19,dengue,11,mayores de 65 anos,2,2 de abril,chaco,416,22039
2 de abril,22,chaco,2018,20,dengue,4,de 5 a 9 anos,4,2 de abril,chaco,417,22039
2 de abril,22,chaco,2018,20,dengue,5,de 10 a 14 anos,2,2 de abril,chaco,418,22039
2 de abril,22,chaco,2018,20,dengue,6,de 15 a 19 anos,3,2 de abril,chaco,419,22039
2 de abril,22,chaco,2018,20,dengue,7,de 20 a 24 anos,4,2 de abril,chaco,420,22039
2 de abril,22,chaco,2018,20,dengue,8,de 25 a 34 anos,5,2 de abril,chaco,421,22039
2 de abril,22,chaco,2018,20,dengue,9,de 35 a 44 anos,5,2 de abril,chaco,422,22039
2 de abril,22,chaco,2018,20,dengue,10,de 45 a 65 anos,5,2 de abril,chaco,423,22039
2 de abril,22,chaco,2018,20,dengue,11,mayores de 65 anos,6,2 de abril,chaco,424,22039
2 de abril,22,chaco,2018,20,dengue,11,mayores de 65 anos,3,2 de abril,chaco,425,22039
2 de abril,22,chaco,2018,21,dengue,5,de 10 a 14 anos,1,2 de abril,chaco,426,22039
2 de abril,22,chaco,2018,21,dengue,9,de 35 a 44 anos,7,2 de abril,chaco,427,22039
2 de abril,22,chaco,2018,21,dengue,11,mayores de 65 anos,1,2 de abril,chaco,428,22039
2 de abril,22,chaco,2018,22,dengue,7,de 20 a 24 anos,1,2 de abril,chaco,429,22039
2 de abril,22,chaco,2018,22,dengue,9,de 35 a 44 anos,3,2 de abril,chaco,430,22039
fray justo santa maria de oro,22,chaco,2018,16,dengue,8,de 25 a 34 anos,1,fray justo santa maria de oro,chaco,431,22043
fray justo santa maria de oro,22,chaco,2018,16,dengue,11,mayores de 65 anos,1,fray justo santa maria de oro,chaco,432,22043
fray justo santa maria de oro,22,chaco,2018,19,dengue,8,de 25 a 34 anos,1,fray justo santa maria de oro,chaco,433,22043
fray justo santa maria de oro,22,chaco,2018,19,dengue,10,de 45 a 65 anos,2,fray justo santa maria de oro,chaco,434,22043
fray justo santa maria de oro,22,chaco,2018,20,dengue,7,de 20 a 24 anos,1,fray justo santa maria de oro,chaco,435,22043
fray justo santa maria de oro,22,chaco,2018,20,dengue,8,de 25 a 34 anos,1,fray justo santa maria de oro,chaco,436,22043
fray justo santa maria de oro,22,chaco,2018,20,dengue,11,mayores de 65 anos,1,fray justo santa maria de oro,chaco,437,22043
independencia,22,la rioja,2018,15,dengue,10,de 45 a 65 anos,1,independencia,chaco,438,46105
independencia,22,la rioja,2018,17,dengue,5,de 10 a 14 anos,1,independencia,chaco,439,46105
independencia,22,la rioja,2018,17,dengue,8,de 25 a 34 anos,1,independencia,chaco,440,46105
independencia,22,la rioja,2018,17,dengue,9,de 35 a 44 anos,1,independencia,chaco,441,46105
independencia,22,la rioja,2018,18,dengue,7,de 20 a 24 anos,1,independencia,chaco,442,46105
independencia,22,la rioja,2018,19,dengue,9,de 35 a 44 anos,1,independencia,chaco,443,46105
independencia,22,la rioja,2018,19,dengue,11,mayores de 65 anos,2,independencia,chaco,444,46105
independencia,22,la rioja,2018,20,dengue,7,de 20 a 24 anos,1,independencia,chaco,445,46105
independencia,22,la rioja,2018,20,dengue,8,de 25 a 34 anos,1,independencia,chaco,446,46105
independencia,22,la rioja,2018,20,dengue,10,de 45 a 65 anos,1,independencia,chaco,447,46105
independencia,22,la rioja,2018,21,dengue,8,de 25 a 34 anos,1,independencia,chaco,448,46105
libertador general san martin,22,san luis,2018,18,dengue,6,de 15 a 19 anos,1,libertador general san martin,chaco,449,74063
libertador general san martin,22,san luis,2018,19,dengue,7,de 20 a 24 anos,2,libertador general san martin,chaco,450,74063
libertador general san martin,22,san luis,2018,19,dengue,9,de 35 a 44 anos,1,libertador general san martin,chaco,451,74063
libertador general san martin,22,san luis,2018,20,dengue,8,de 25 a 34 anos,3,libertador general san martin,chaco,452,74063
libertador general san martin,22,san luis,2018,20,dengue,10,de 45 a 65 anos,2,libertador general san martin,chaco,453,74063
libertador general san martin,22,san luis,2018,21,dengue,7,de 20 a 24 anos,1,libertador general san martin,chaco,454,74063
libertador general san martin,22,san luis,2018,21,dengue,8,de 25 a 34 anos,1,libertador general san martin,chaco,455,74063
libertador general san martin,22,san luis,2018,21,dengue,10,de 45 a 65 anos,1,libertador general san martin,chaco,456,74063
libertador general san martin,22,san luis,2018,22,dengue,8,de 25 a 34 anos,1,libertador general san martin,chaco,457,74063
libertador general san martin,22,san luis,2018,22,dengue,11,mayores de 65 anos,1,libertador general san martin,chaco,458,74063
libertador general san martin,22,san luis,2018,24,dengue,9,de 35 a 44 anos,1,libertador general san martin,chaco,459,74063
mayor luis j fontana,22,chaco,2018,17,dengue,11,mayores de 65 anos,2,mayor luis j fontana,chaco,460,22098
mayor luis j fontana,22,chaco,2018,19,dengue,5,de 10 a 14 anos,1,mayor luis j fontana,chaco,461,22098
mayor luis j fontana,22,chaco,2018,19,dengue,7,de 20 a 24 anos,1,mayor luis j fontana,chaco,462,22098
mayor luis j fontana,22,chaco,2018,19,dengue,9,de 35 a 44 anos,1,mayor luis j fontana,chaco,463,22098
mayor luis j fontana,22,chaco,2018,19,dengue,10,de 45 a 65 anos,1,mayor luis j fontana,chaco,464,22098
mayor luis j fontana,22,chaco,2018,20,dengue,7,de 20 a 24 anos,1,mayor luis j fontana,chaco,465,22098
mayor luis j fontana,22,chaco,2018,20,dengue,11,mayores de 65 anos,1,mayor luis j fontana,chaco,466,22098
mayor luis j fontana,22,chaco,2018,21,dengue,10,de 45 a 65 anos,1,mayor luis j fontana,chaco,467,22098
mayor luis j fontana,22,chaco,2018,21,dengue,11,mayores de 65 anos,2,mayor luis j fontana,chaco,468,22098
mayor luis j fontana,22,chaco,2018,37,dengue,5,de 10 a 14 anos,1,mayor luis j fontana,chaco,469,22098
o higgins,22,chaco,2018,2,dengue,9,de 35 a 44 anos,1,o higgins,chaco,470,22112
o higgins,22,chaco,2018,17,dengue,9,de 35 a 44 anos,1,o higgins,chaco,471,22112
o higgins,22,chaco,2018,18,dengue,7,de 20 a 24 anos,1,o higgins,chaco,472,22112
o higgins,22,chaco,2018,18,dengue,9,de 35 a 44 anos,1,o higgins,chaco,473,22112
o higgins,22,chaco,2018,18,dengue,10,de 45 a 65 anos,1,o higgins,chaco,474,22112
o higgins,22,chaco,2018,18,dengue,11,mayores de 65 anos,3,o higgins,chaco,475,22112
o higgins,22,chaco,2018,19,dengue,7,de 20 a 24 anos,2,o higgins,chaco,476,22112
o higgins,22,chaco,2018,19,dengue,8,de 25 a 34 anos,2,o higgins,chaco,477,22112
o higgins,22,chaco,2018,19,dengue,9,de 35 a 44 anos,4,o higgins,chaco,478,22112
o higgins,22,chaco,2018,19,dengue,10,de 45 a 65 anos,4,o higgins,chaco,479,22112
o higgins,22,chaco,2018,19,dengue,11,mayores de 65 anos,4,o higgins,chaco,480,22112
o higgins,22,chaco,2018,20,dengue,7,de 20 a 24 anos,1,o higgins,chaco,481,22112
o higgins,22,chaco,2018,20,dengue,9,de 35 a 44 anos,1,o higgins,chaco,482,22112
o higgins,22,chaco,2018,21,dengue,7,de 20 a 24 anos,1,o higgins,chaco,483,22112
san fernando,22,chaco,2018,10,dengue,11,mayores de 65 anos,1,san fernando,chaco,484,22140
san fernando,22,chaco,2018,11,dengue,9,de 35 a 44 anos,1,san fernando,chaco,485,22140
san fernando,22,chaco,2018,12,dengue,9,de 35 a 44 anos,1,san fernando,chaco,486,22140
san fernando,22,chaco,2018,15,dengue,10,de 45 a 65 anos,1,san fernando,chaco,487,22140
san fernando,22,chaco,2018,16,dengue,7,de 20 a 24 anos,1,san fernando,chaco,488,22140
san fernando,22,chaco,2018,16,dengue,11,mayores de 65 anos,1,san fernando,chaco,489,22140
san fernando,22,chaco,2018,17,dengue,6,de 15 a 19 anos,1,san fernando,chaco,490,22140
san fernando,22,chaco,2018,17,dengue,10,de 45 a 65 anos,1,san fernando,chaco,491,22140
san fernando,22,chaco,2018,17,dengue,11,mayores de 65 anos,1,san fernando,chaco,492,22140
san fernando,22,chaco,2018,18,dengue,6,de 15 a 19 anos,1,san fernando,chaco,493,22140
san fernando,22,chaco,2018,18,dengue,10,de 45 a 65 anos,3,san fernando,chaco,494,22140
san fernando,22,chaco,2018,18,dengue,11,mayores de 65 anos,1,san fernando,chaco,495,22140
san fernando,22,chaco,2018,19,dengue,6,de 15 a 19 anos,2,san fernando,chaco,496,22140
san fernando,22,chaco,2018,19,dengue,7,de 20 a 24 anos,1,san fernando,chaco,497,22140
san fernando,22,chaco,2018,19,dengue,8,de 25 a 34 anos,3,san fernando,chaco,498,22140
san fernando,22,chaco,2018,19,dengue,10,de 45 a 65 anos,1,san fernando,chaco,499,22140
san fernando,22,chaco,2018,19,dengue,11,mayores de 65 anos,1,san fernando,chaco,500,22140
san fernando,22,chaco,2018,20,dengue,1,posneonato 29 hasta 365 dias,1,san fernando,chaco,501,22140
san fernando,22,chaco,2018,20,dengue,6,de 15 a 19 anos,2,san fernando,chaco,502,22140
san fernando,22,chaco,2018,20,dengue,7,de 20 a 24 anos,1,san fernando,chaco,503,22140
san fernando,22,chaco,2018,20,dengue,8,de 25 a 34 anos,1,san fernando,chaco,504,22140
san fernando,22,chaco,2018,20,dengue,9,de 35 a 44 anos,2,san fernando,chaco,505,22140
san fernando,22,chaco,2018,20,dengue,10,de 45 a 65 anos,2,san fernando,chaco,506,22140
san fernando,22,chaco,2018,20,dengue,11,mayores de 65 anos,1,san fernando,chaco,507,22140
san fernando,22,chaco,2018,21,dengue,7,de 20 a 24 anos,1,san fernando,chaco,508,22140
san fernando,22,chaco,2018,21,dengue,10,de 45 a 65 anos,2,san fernando,chaco,509,22140
san fernando,22,chaco,2018,21,dengue,11,mayores de 65 anos,1,san fernando,chaco,510,22140
san fernando,22,chaco,2018,21,dengue,11,mayores de 65 anos,1,san fernando,chaco,511,22140
san fernando,22,chaco,2018,22,dengue,7,de 20 a 24 anos,1,san fernando,chaco,512,22140
san fernando,22,chaco,2018,22,dengue,10,de 45 a 65 anos,1,san fernando,chaco,513,22140
san fernando,22,chaco,2018,22,dengue,11,mayores de 65 anos,1,san fernando,chaco,514,22140
san fernando,22,chaco,2018,23,dengue,6,de 15 a 19 anos,2,san fernando,chaco,515,22140
san fernando,22,chaco,2018,23,dengue,11,mayores de 65 anos,1,san fernando,chaco,516,22140
san fernando,22,chaco,2018,26,dengue,9,de 35 a 44 anos,1,san fernando,chaco,517,22140
san fernando,22,chaco,2018,50,dengue,11,mayores de 65 anos,1,san fernando,chaco,518,22140
concordia,30,entre rios,2018,20,dengue,9,de 35 a 44 anos,1,concordia,entre rios,519,30015
concordia,30,entre rios,2018,50,dengue,9,de 35 a 44 anos,1,concordia,entre rios,520,30015
parana,30,entre rios,2018,14,dengue,11,mayores de 65 anos,1,parana,entre rios,521,30084
parana,30,entre rios,2018,16,dengue,10,de 45 a 65 anos,1,parana,entre rios,522,30084
parana,30,entre rios,2018,16,dengue,11,mayores de 65 anos,1,parana,entre rios,523,30084
parana,30,entre rios,2018,22,dengue,11,mayores de 65 anos,1,parana,entre rios,524,30084
formosa,34,formosa,2018,1,dengue,7,de 20 a 24 anos,3,formosa,formosa,525,34014
formosa,34,formosa,2018,3,dengue,11,mayores de 65 anos,1,formosa,formosa,526,34014
formosa,34,formosa,2018,7,dengue,9,de 35 a 44 anos,1,formosa,formosa,527,34014
formosa,34,formosa,2018,8,dengue,9,de 35 a 44 anos,1,formosa,formosa,528,34014
formosa,34,formosa,2018,9,dengue,7,de 20 a 24 anos,1,formosa,formosa,529,34014
formosa,34,formosa,2018,9,dengue,10,de 45 a 65 anos,1,formosa,formosa,530,34014
formosa,34,formosa,2018,10,dengue,7,de 20 a 24 anos,1,formosa,formosa,531,34014
formosa,34,formosa,2018,10,dengue,11,mayores de 65 anos,1,formosa,formosa,532,34014
formosa,34,formosa,2018,11,dengue,6,de 15 a 19 anos,1,formosa,formosa,533,34014
formosa,34,formosa,2018,11,dengue,7,de 20 a 24 anos,1,formosa,formosa,534,34014
formosa,34,formosa,2018,11,dengue,10,de 45 a 65 anos,1,formosa,formosa,535,34014
formosa,34,formosa,2018,11,dengue,11,mayores de 65 anos,1,formosa,formosa,536,34014
formosa,34,formosa,2018,12,dengue,9,de 35 a 44 anos,1,formosa,formosa,537,34014
formosa,34,formosa,2018,12,dengue,11,mayores de 65 anos,1,formosa,formosa,538,34014
formosa,34,formosa,2018,12,dengue,11,mayores de 65 anos,1,formosa,formosa,539,34014
formosa,34,formosa,2018,13,dengue,11,mayores de 65 anos,1,formosa,formosa,540,34014
formosa,34,formosa,2018,17,dengue,11,mayores de 65 anos,1,formosa,formosa,541,34014
formosa,34,formosa,2018,19,dengue,8,de 25 a 34 anos,1,formosa,formosa,542,34014
formosa,34,formosa,2018,20,dengue,10,de 45 a 65 anos,1,formosa,formosa,543,34014
matacos,34,formosa,2018,18,dengue,11,mayores de 65 anos,1,matacos,formosa,544,34028
matacos,34,formosa,2018,20,dengue,4,de 5 a 9 anos,1,matacos,formosa,545,34028
patino,34,formosa,2018,7,dengue,9,de 35 a 44 anos,1,patino,formosa,546,34035
general belgrano,22,chaco,2018,17,dengue,7,de 20 a 24 anos,1,general belgrano,chaco,547,22049
general belgrano,22,chaco,2018,17,dengue,10,de 45 a 65 anos,1,general belgrano,chaco,548,22049
general belgrano,22,chaco,2018,17,dengue,11,mayores de 65 anos,1,general belgrano,chaco,549,22049
general belgrano,22,chaco,2018,18,dengue,8,de 25 a 34 anos,2,general belgrano,chaco,550,22049
general belgrano,22,chaco,2018,18,dengue,9,de 35 a 44 anos,2,general belgrano,chaco,551,22049
general belgrano,22,chaco,2018,18,dengue,11,mayores de 65 anos,2,general belgrano,chaco,552,22049
general belgrano,22,chaco,2018,19,dengue,4,de 5 a 9 anos,1,general belgrano,chaco,553,22049
general belgrano,22,chaco,2018,19,dengue,5,de 10 a 14 anos,3,general belgrano,chaco,554,22049
general belgrano,22,chaco,2018,19,dengue,6,de 15 a 19 anos,1,general belgrano,chaco,555,22049
general belgrano,22,chaco,2018,19,dengue,7,de 20 a 24 anos,5,general belgrano,chaco,556,22049
general belgrano,22,chaco,2018,19,dengue,8,de 25 a 34 anos,6,general belgrano,chaco,557,22049
general belgrano,22,chaco,2018,19,dengue,9,de 35 a 44 anos,4,general belgrano,chaco,558,22049
general belgrano,22,chaco,2018,19,dengue,10,de 45 a 65 anos,6,general belgrano,chaco,559,22049
general belgrano,22,chaco,2018,19,dengue,11,mayores de 65 anos,6,general belgrano,chaco,560,22049
general belgrano,22,chaco,2018,20,dengue,3,de 2 a 4 anos,1,general belgrano,chaco,561,22049
general belgrano,22,chaco,2018,20,dengue,4,de 5 a 9 anos,2,general belgrano,chaco,562,22049
general belgrano,22,chaco,2018,20,dengue,5,de 10 a 14 anos,2,general belgrano,chaco,563,22049
general belgrano,22,chaco,2018,20,dengue,6,de 15 a 19 anos,9,general belgrano,chaco,564,22049
general belgrano,22,chaco,2018,20,dengue,7,de 20 a 24 anos,8,general belgrano,chaco,565,22049
general belgrano,22,chaco,2018,20,dengue,8,de 25 a 34 anos,2,general belgrano,chaco,566,22049
general belgrano,22,chaco,2018,20,dengue,9,de 35 a 44 anos,8,general belgrano,chaco,567,22049
general belgrano,22,chaco,2018,20,dengue,10,de 45 a 65 anos,12,general belgrano,chaco,568,22049
general belgrano,22,chaco,2018,20,dengue,11,mayores de 65 anos,6,general belgrano,chaco,569,22049
general belgrano,22,chaco,2018,20,dengue,11,mayores de 65 anos,2,general belgrano,chaco,570,22049
general belgrano,22,chaco,2018,21,dengue,1,posneonato 29 hasta 365 dias,1,general belgrano,chaco,571,22049
general belgrano,22,chaco,2018,21,dengue,5,de 10 a 14 anos,1,general belgrano,chaco,572,22049
general belgrano,22,chaco,2018,21,dengue,6,de 15 a 19 anos,2,general belgrano,chaco,573,22049
general belgrano,22,chaco,2018,21,dengue,7,de 20 a 24 anos,4,general belgrano,chaco,574,22049
general belgrano,22,chaco,2018,21,dengue,8,de 25 a 34 anos,1,general belgrano,chaco,575,22049
general belgrano,22,chaco,2018,21,dengue,9,de 35 a 44 anos,5,general belgrano,chaco,576,22049
general belgrano,22,chaco,2018,21,dengue,10,de 45 a 65 anos,1,general belgrano,chaco,577,22049
general belgrano,22,chaco,2018,21,dengue,11,mayores de 65 anos,2,general belgrano,chaco,578,22049
general belgrano,22,chaco,2018,21,dengue,11,mayores de 65 anos,2,general belgrano,chaco,579,22049
general belgrano,22,chaco,2018,22,dengue,5,de 10 a 14 anos,1,general belgrano,chaco,580,22049
general belgrano,22,chaco,2018,22,dengue,7,de 20 a 24 anos,1,general belgrano,chaco,581,22049
general belgrano,22,chaco,2018,22,dengue,9,de 35 a 44 anos,1,general belgrano,chaco,582,22049
general belgrano,22,chaco,2018,22,dengue,10,de 45 a 65 anos,1,general belgrano,chaco,583,22049
general belgrano,22,chaco,2018,22,dengue,11,mayores de 65 anos,1,general belgrano,chaco,584,22049
general belgrano,22,chaco,2018,23,dengue,6,de 15 a 19 anos,2,general belgrano,chaco,585,22049
general belgrano,22,chaco,2018,23,dengue,7,de 20 a 24 anos,2,general belgrano,chaco,586,22049
general belgrano,22,chaco,2018,23,dengue,8,de 25 a 34 anos,4,general belgrano,chaco,587,22049
general belgrano,22,chaco,2018,23,dengue,9,de 35 a 44 anos,1,general belgrano,chaco,588,22049
general belgrano,22,chaco,2018,23,dengue,10,de 45 a 65 anos,1,general belgrano,chaco,589,22049
general belgrano,22,chaco,2018,23,dengue,11,mayores de 65 anos,1,general belgrano,chaco,590,22049
misiones capital,54,misiones,2018,2,dengue,9,de 35 a 44 anos,1,misiones capital,misiones,591,54028
misiones capital,54,misiones,2018,8,dengue,9,de 35 a 44 anos,1,misiones capital,misiones,592,54028
misiones capital,54,misiones,2018,8,dengue,10,de 45 a 65 anos,1,misiones capital,misiones,593,54028
misiones capital,54,misiones,2018,10,dengue,7,de 20 a 24 anos,1,misiones capital,misiones,594,54028
misiones capital,54,misiones,2018,15,dengue,6,de 15 a 19 anos,1,misiones capital,misiones,595,54028
misiones capital,54,misiones,2018,15,dengue,11,mayores de 65 anos,1,misiones capital,misiones,596,54028
misiones capital,54,misiones,2018,16,dengue,9,de 35 a 44 anos,1,misiones capital,misiones,597,54028
misiones capital,54,misiones,2018,17,dengue,10,de 45 a 65 anos,1,misiones capital,misiones,598,54028
misiones capital,54,misiones,2018,18,dengue,9,de 35 a 44 anos,1,misiones capital,misiones,599,54028
misiones capital,54,misiones,2018,18,dengue,10,de 45 a 65 anos,1,misiones capital,misiones,600,54028
misiones capital,54,misiones,2018,19,dengue,5,de 10 a 14 anos,1,misiones capital,misiones,601,54028
misiones capital,54,misiones,2018,19,dengue,8,de 25 a 34 anos,1,misiones capital,misiones,602,54028
misiones capital,54,misiones,2018,19,dengue,9,de 35 a 44 anos,2,misiones capital,misiones,603,54028
misiones capital,54,misiones,2018,19,dengue,10,de 45 a 65 anos,1,misiones capital,misiones,604,54028
misiones capital,54,misiones,2018,19,dengue,11,mayores de 65 anos,5,misiones capital,misiones,605,54028
misiones capital,54,misiones,2018,20,dengue,7,de 20 a 24 anos,3,misiones capital,misiones,606,54028
misiones capital,54,misiones,2018,20,dengue,9,de 35 a 44 anos,2,misiones capital,misiones,607,54028
misiones capital,54,misiones,2018,20,dengue,11,mayores de 65 anos,2,misiones capital,misiones,608,54028
misiones capital,54,misiones,2018,21,dengue,11,mayores de 65 anos,1,misiones capital,misiones,609,54028
misiones capital,54,misiones,2018,22,dengue,8,de 25 a 34 anos,1,misiones capital,misiones,610,54028
misiones capital,54,misiones,2018,22,dengue,9,de 35 a 44 anos,1,misiones capital,misiones,611,54028
misiones capital,54,misiones,2018,23,dengue,6,de 15 a 19 anos,1,misiones capital,misiones,612,54028
misiones capital,54,misiones,2018,23,dengue,9,de 35 a 44 anos,1,misiones capital,misiones,613,54028
misiones capital,54,misiones,2018,23,dengue,11,mayores de 65 anos,1,misiones capital,misiones,614,54028
misiones capital,54,misiones,2018,26,dengue,8,de 25 a 34 anos,2,misiones capital,misiones,615,54028
misiones capital,54,misiones,2018,26,dengue,10,de 45 a 65 anos,1,misiones capital,misiones,616,54028
misiones capital,54,misiones,2018,46,dengue,10,de 45 a 65 anos,1,misiones capital,misiones,617,54028
misiones capital,54,misiones,2018,49,dengue,8,de 25 a 34 anos,1,misiones capital,misiones,618,54028
misiones capital,54,misiones,2018,49,dengue,11,mayores de 65 anos,2,misiones capital,misiones,619,54028
concepcion,18,corrientes,2018,19,dengue,11,mayores de 65 anos,1,concepcion,corrientes,620,18028
iguazu,54,misiones,2018,11,dengue,6,de 15 a 19 anos,1,iguazu,misiones,621,54063
iguazu,54,misiones,2018,13,dengue,5,de 10 a 14 anos,1,iguazu,misiones,622,54063
iguazu,54,misiones,2018,13,dengue,11,mayores de 65 anos,1,iguazu,misiones,623,54063
iguazu,54,misiones,2018,14,dengue,10,de 45 a 65 anos,2,iguazu,misiones,624,54063
iguazu,54,misiones,2018,14,dengue,11,mayores de 65 anos,1,iguazu,misiones,625,54063
iguazu,54,misiones,2018,17,dengue,7,de 20 a 24 anos,1,iguazu,misiones,626,54063
iguazu,54,misiones,2018,17,dengue,10,de 45 a 65 anos,1,iguazu,misiones,627,54063
iguazu,54,misiones,2018,17,dengue,11,mayores de 65 anos,1,iguazu,misiones,628,54063
iguazu,54,misiones,2018,18,dengue,10,de 45 a 65 anos,1,iguazu,misiones,629,54063
iguazu,54,misiones,2018,19,dengue,6,de 15 a 19 anos,1,iguazu,misiones,630,54063
iguazu,54,misiones,2018,19,dengue,11,mayores de 65 anos,1,iguazu,misiones,631,54063
iguazu,54,misiones,2018,21,dengue,7,de 20 a 24 anos,1,iguazu,misiones,632,54063
iguazu,54,misiones,2018,21,dengue,8,de 25 a 34 anos,1,iguazu,misiones,633,54063
libertador general san martin,54,san luis,2018,10,dengue,7,de 20 a 24 anos,1,libertador general san martin,misiones,634,74063
libertador general san martin,54,san luis,2018,11,dengue,10,de 45 a 65 anos,2,libertador general san martin,misiones,635,74063
libertador general san martin,54,san luis,2018,11,dengue,11,mayores de 65 anos,1,libertador general san martin,misiones,636,74063
libertador general san martin,54,san luis,2018,12,dengue,4,de 5 a 9 anos,1,libertador general san martin,misiones,637,74063
libertador general san martin,54,san luis,2018,12,dengue,6,de 15 a 19 anos,1,libertador general san martin,misiones,638,74063
libertador general san martin,54,san luis,2018,12,dengue,7,de 20 a 24 anos,2,libertador general san martin,misiones,639,74063
libertador general san martin,54,san luis,2018,12,dengue,10,de 45 a 65 anos,2,libertador general san martin,misiones,640,74063
libertador general san martin,54,san luis,2018,13,dengue,7,de 20 a 24 anos,1,libertador general san martin,misiones,641,74063
libertador general san martin,54,san luis,2018,13,dengue,9,de 35 a 44 anos,2,libertador general san martin,misiones,642,74063
libertador general san martin,54,san luis,2018,14,dengue,4,de 5 a 9 anos,1,libertador general san martin,misiones,643,74063
libertador general san martin,54,san luis,2018,14,dengue,5,de 10 a 14 anos,1,libertador general san martin,misiones,644,74063
libertador general san martin,54,san luis,2018,14,dengue,7,de 20 a 24 anos,3,libertador general san martin,misiones,645,74063
libertador general san martin,54,san luis,2018,14,dengue,9,de 35 a 44 anos,1,libertador general san martin,misiones,646,74063
libertador general san martin,54,san luis,2018,14,dengue,11,mayores de 65 anos,1,libertador general san martin,misiones,647,74063
libertador general san martin,54,san luis,2018,15,dengue,6,de 15 a 19 anos,1,libertador general san martin,misiones,648,74063
libertador general san martin,54,san luis,2018,15,dengue,7,de 20 a 24 anos,1,libertador general san martin,misiones,649,74063
libertador general san martin,54,san luis,2018,15,dengue,9,de 35 a 44 anos,1,libertador general san martin,misiones,650,74063
libertador general san martin,54,san luis,2018,15,dengue,11,mayores de 65 anos,1,libertador general san martin,misiones,651,74063
libertador general san martin,54,san luis,2018,16,dengue,7,de 20 a 24 anos,2,libertador general san martin,misiones,652,74063
libertador general san martin,54,san luis,2018,16,dengue,10,de 45 a 65 anos,1,libertador general san martin,misiones,653,74063
libertador general san martin,54,san luis,2018,16,dengue,11,mayores de 65 anos,2,libertador general san martin,misiones,654,74063
libertador general san martin,54,san luis,2018,17,dengue,5,de 10 a 14 anos,1,libertador general san martin,misiones,655,74063
libertador general san martin,54,san luis,2018,17,dengue,6,de 15 a 19 anos,2,libertador general san martin,misiones,656,74063
libertador general san martin,54,san luis,2018,17,dengue,7,de 20 a 24 anos,4,libertador general san martin,misiones,657,74063
libertador general san martin,54,san luis,2018,17,dengue,9,de 35 a 44 anos,3,libertador general san martin,misiones,658,74063
libertador general san martin,54,san luis,2018,17,dengue,10,de 45 a 65 anos,3,libertador general san martin,misiones,659,74063
libertador general san martin,54,san luis,2018,17,dengue,11,mayores de 65 anos,2,libertador general san martin,misiones,660,74063
libertador general san martin,54,san luis,2018,17,dengue,11,mayores de 65 anos,2,libertador general san martin,misiones,661,74063
libertador general san martin,54,san luis,2018,18,dengue,5,de 10 a 14 anos,2,libertador general san martin,misiones,662,74063
libertador general san martin,54,san luis,2018,18,dengue,6,de 15 a 19 anos,1,libertador general san martin,misiones,663,74063
libertador general san martin,54,san luis,2018,18,dengue,7,de 20 a 24 anos,2,libertador general san martin,misiones,664,74063
libertador general san martin,54,san luis,2018,18,dengue,8,de 25 a 34 anos,1,libertador general san martin,misiones,665,74063
libertador general san martin,54,san luis,2018,18,dengue,9,de 35 a 44 anos,3,libertador general san martin,misiones,666,74063
libertador general san martin,54,san luis,2018,18,dengue,10,de 45 a 65 anos,1,libertador general san martin,misiones,667,74063
libertador general san martin,54,san luis,2018,18,dengue,11,mayores de 65 anos,3,libertador general san martin,misiones,668,74063
libertador general san martin,54,san luis,2018,18,dengue,11,mayores de 65 anos,2,libertador general san martin,misiones,669,74063
libertador general san martin,54,san luis,2018,19,dengue,7,de 20 a 24 anos,3,libertador general san martin,misiones,670,74063
libertador general san martin,54,san luis,2018,19,dengue,8,de 25 a 34 anos,4,libertador general san martin,misiones,671,74063
libertador general san martin,54,san luis,2018,19,dengue,9,de 35 a 44 anos,1,libertador general san martin,misiones,672,74063
libertador general san martin,54,san luis,2018,19,dengue,10,de 45 a 65 anos,3,libertador general san martin,misiones,673,74063
libertador general san martin,54,san luis,2018,19,dengue,11,mayores de 65 anos,5,libertador general san martin,misiones,674,74063
libertador general san martin,54,san luis,2018,19,dengue,11,mayores de 65 anos,1,libertador general san martin,misiones,675,74063
libertador general san martin,54,san luis,2018,20,dengue,6,de 15 a 19 anos,2,libertador general san martin,misiones,676,74063
libertador general san martin,54,san luis,2018,20,dengue,7,de 20 a 24 anos,1,libertador general san martin,misiones,677,74063
libertador general san martin,54,san luis,2018,20,dengue,8,de 25 a 34 anos,2,libertador general san martin,misiones,678,74063
libertador general san martin,54,san luis,2018,20,dengue,9,de 35 a 44 anos,3,libertador general san martin,misiones,679,74063
libertador general san martin,54,san luis,2018,20,dengue,11,mayores de 65 anos,2,libertador general san martin,misiones,680,74063
libertador general san martin,54,san luis,2018,20,dengue,11,mayores de 65 anos,1,libertador general san martin,misiones,681,74063
libertador general san martin,54,san luis,2018,21,dengue,6,de 15 a 19 anos,1,libertador general san martin,misiones,682,74063
libertador general san martin,54,san luis,2018,21,dengue,7,de 20 a 24 anos,1,libertador general san martin,misiones,683,74063
libertador general san martin,54,san luis,2018,21,dengue,8,de 25 a 34 anos,2,libertador general san martin,misiones,684,74063
libertador general san martin,54,san luis,2018,21,dengue,10,de 45 a 65 anos,1,libertador general san martin,misiones,685,74063
libertador general san martin,54,san luis,2018,21,dengue,11,mayores de 65 anos,1,libertador general san martin,misiones,686,74063
libertador general san martin,54,san luis,2018,22,dengue,10,de 45 a 65 anos,1,libertador general san martin,misiones,687,74063
libertador general san martin,54,san luis,2018,22,dengue,11,mayores de 65 anos,2,libertador general san martin,misiones,688,74063
libertador general san martin,54,san luis,2018,23,dengue,6,de 15 a 19 anos,1,libertador general san martin,misiones,689,74063
libertador general san martin,54,san luis,2018,23,dengue,7,de 20 a 24 anos,1,libertador general san martin,misiones,690,74063
libertador general san martin,54,san luis,2018,26,dengue,5,de 10 a 14 anos,1,libertador general san martin,misiones,691,74063
libertador general san martin,54,san luis,2018,26,dengue,10,de 45 a 65 anos,1,libertador general san martin,misiones,692,74063
montecarlo,54,misiones,2018,20,dengue,10,de 45 a 65 anos,1,montecarlo,misiones,693,54084
san ignacio,54,misiones,2018,22,dengue,10,de 45 a 65 anos,1,san ignacio,misiones,694,54098
colon,14,cordoba,2018,12,dengue,9,de 35 a 44 anos,1,colon,cordoba,695,14021
salta capital,66,salta,2018,20,dengue,11,mayores de 65 anos,1,salta capital,salta,696,66028
salta capital,66,salta,2018,23,dengue,10,de 45 a 65 anos,1,salta capital,salta,697,66028
general guemes,22,chaco,2018,15,dengue,7,de 20 a 24 anos,1,general guemes,chaco,698,22063
general guemes,22,chaco,2018,15,dengue,9,de 35 a 44 anos,1,general guemes,chaco,699,22063
general guemes,22,chaco,2018,16,dengue,9,de 35 a 44 anos,1,general guemes,chaco,700,22063
general guemes,22,chaco,2018,45,dengue,8,de 25 a 34 anos,1,general guemes,chaco,701,22063
general jose de san martin,66,salta,2018,15,dengue,7,de 20 a 24 anos,1,general jose de san martin,salta,702,66056
general jose de san martin,66,salta,2018,19,dengue,1,posneonato 29 hasta 365 dias,1,general jose de san martin,salta,703,66056
general jose de san martin,66,salta,2018,19,dengue,8,de 25 a 34 anos,1,general jose de san martin,salta,704,66056
general jose de san martin,66,salta,2018,19,dengue,10,de 45 a 65 anos,1,general jose de san martin,salta,705,66056
general jose de san martin,66,salta,2018,19,dengue,11,mayores de 65 anos,1,general jose de san martin,salta,706,66056
general jose de san martin,66,salta,2018,20,dengue,3,de 2 a 4 anos,1,general jose de san martin,salta,707,66056
general jose de san martin,66,salta,2018,20,dengue,4,de 5 a 9 anos,2,general jose de san martin,salta,708,66056
general jose de san martin,66,salta,2018,20,dengue,5,de 10 a 14 anos,2,general jose de san martin,salta,709,66056
general jose de san martin,66,salta,2018,20,dengue,9,de 35 a 44 anos,4,general jose de san martin,salta,710,66056
general jose de san martin,66,salta,2018,20,dengue,10,de 45 a 65 anos,2,general jose de san martin,salta,711,66056
general jose de san martin,66,salta,2018,21,dengue,5,de 10 a 14 anos,1,general jose de san martin,salta,712,66056
general jose de san martin,66,salta,2018,21,dengue,6,de 15 a 19 anos,1,general jose de san martin,salta,713,66056
general jose de san martin,66,salta,2018,22,dengue,6,de 15 a 19 anos,1,general jose de san martin,salta,714,66056
general jose de san martin,66,salta,2018,22,dengue,10,de 45 a 65 anos,2,general jose de san martin,salta,715,66056
general jose de san martin,66,salta,2018,22,dengue,11,mayores de 65 anos,1,general jose de san martin,salta,716,66056
los andes,66,salta,2018,11,dengue,6,de 15 a 19 anos,1,los andes,salta,717,66105
oran,66,salta,2018,11,dengue,8,de 25 a 34 anos,1,oran,salta,718,66126
oran,66,salta,2018,18,dengue,7,de 20 a 24 anos,1,oran,salta,719,66126
oran,66,salta,2018,18,dengue,8,de 25 a 34 anos,1,oran,salta,720,66126
oran,66,salta,2018,18,dengue,9,de 35 a 44 anos,1,oran,salta,721,66126
oran,66,salta,2018,19,dengue,7,de 20 a 24 anos,2,oran,salta,722,66126
oran,66,salta,2018,19,dengue,8,de 25 a 34 anos,2,oran,salta,723,66126
oran,66,salta,2018,19,dengue,9,de 35 a 44 anos,3,oran,salta,724,66126
oran,66,salta,2018,19,dengue,10,de 45 a 65 anos,1,oran,salta,725,66126
oran,66,salta,2018,19,dengue,11,mayores de 65 anos,1,oran,salta,726,66126
oran,66,salta,2018,20,dengue,5,de 10 a 14 anos,1,oran,salta,727,66126
oran,66,salta,2018,20,dengue,7,de 20 a 24 anos,1,oran,salta,728,66126
oran,66,salta,2018,20,dengue,8,de 25 a 34 anos,2,oran,salta,729,66126
oran,66,salta,2018,20,dengue,9,de 35 a 44 anos,2,oran,salta,730,66126
oran,66,salta,2018,20,dengue,10,de 45 a 65 anos,3,oran,salta,731,66126
oran,66,salta,2018,20,dengue,11,mayores de 65 anos,1,oran,salta,732,66126
oran,66,salta,2018,21,dengue,7,de 20 a 24 anos,1,oran,salta,733,66126
oran,66,salta,2018,21,dengue,9,de 35 a 44 anos,2,oran,salta,734,66126
oran,66,salta,2018,22,dengue,6,de 15 a 19 anos,2,oran,salta,735,66126
oran,66,salta,2018,22,dengue,10,de 45 a 65 anos,1,oran,salta,736,66126
oran,66,salta,2018,22,dengue,11,mayores de 65 anos,1,oran,salta,737,66126
oran,66,salta,2018,22,dengue,11,mayores de 65 anos,1,oran,salta,738,66126
oran,66,salta,2018,23,dengue,7,de 20 a 24 anos,1,oran,salta,739,66126
oran,66,salta,2018,23,dengue,9,de 35 a 44 anos,1,oran,salta,740,66126
chacabuco,22,buenos aires,2018,12,dengue,10,de 45 a 65 anos,4,chacabuco,chaco,741,6210
chacabuco,22,buenos aires,2018,12,dengue,11,mayores de 65 anos,1,chacabuco,chaco,742,6210
chacabuco,22,buenos aires,2018,13,dengue,6,de 15 a 19 anos,1,chacabuco,chaco,743,6210
chacabuco,22,buenos aires,2018,13,dengue,7,de 20 a 24 anos,1,chacabuco,chaco,744,6210
chacabuco,22,buenos aires,2018,13,dengue,9,de 35 a 44 anos,3,chacabuco,chaco,745,6210
chacabuco,22,buenos aires,2018,13,dengue,10,de 45 a 65 anos,1,chacabuco,chaco,746,6210
chacabuco,22,buenos aires,2018,13,dengue,11,mayores de 65 anos,6,chacabuco,chaco,747,6210
chacabuco,22,buenos aires,2018,14,dengue,5,de 10 a 14 anos,1,chacabuco,chaco,748,6210
chacabuco,22,buenos aires,2018,14,dengue,6,de 15 a 19 anos,1,chacabuco,chaco,749,6210
chacabuco,22,buenos aires,2018,14,dengue,7,de 20 a 24 anos,1,chacabuco,chaco,750,6210
chacabuco,22,buenos aires,2018,14,dengue,7,de 20 a 24 anos,4,chacabuco,chaco,751,6210
chacabuco,22,buenos aires,2018,14,dengue,9,de 35 a 44 anos,1,chacabuco,chaco,752,6210
chacabuco,22,buenos aires,2018,14,dengue,10,de 45 a 65 anos,2,chacabuco,chaco,753,6210
chacabuco,22,buenos aires,2018,14,dengue,11,mayores de 65 anos,2,chacabuco,chaco,754,6210
chacabuco,22,buenos aires,2018,15,dengue,7,de 20 a 24 anos,1,chacabuco,chaco,755,6210
chacabuco,22,buenos aires,2018,15,dengue,9,de 35 a 44 anos,1,chacabuco,chaco,756,6210
chacabuco,22,buenos aires,2018,15,dengue,10,de 45 a 65 anos,3,chacabuco,chaco,757,6210
chacabuco,22,buenos aires,2018,15,dengue,11,mayores de 65 anos,2,chacabuco,chaco,758,6210
chacabuco,22,buenos aires,2018,16,dengue,7,de 20 a 24 anos,2,chacabuco,chaco,759,6210
chacabuco,22,buenos aires,2018,16,dengue,9,de 35 a 44 anos,3,chacabuco,chaco,760,6210
chacabuco,22,buenos aires,2018,16,dengue,10,de 45 a 65 anos,2,chacabuco,chaco,761,6210
chacabuco,22,buenos aires,2018,16,dengue,11,mayores de 65 anos,1,chacabuco,chaco,762,6210
chacabuco,22,buenos aires,2018,17,dengue,3,de 2 a 4 anos,1,chacabuco,chaco,763,6210
chacabuco,22,buenos aires,2018,17,dengue,5,de 10 a 14 anos,1,chacabuco,chaco,764,6210
chacabuco,22,buenos aires,2018,17,dengue,6,de 15 a 19 anos,1,chacabuco,chaco,765,6210
chacabuco,22,buenos aires,2018,17,dengue,7,de 20 a 24 anos,4,chacabuco,chaco,766,6210
chacabuco,22,buenos aires,2018,17,dengue,7,de 20 a 24 anos,5,chacabuco,chaco,767,6210
chacabuco,22,buenos aires,2018,17,dengue,8,de 25 a 34 anos,2,chacabuco,chaco,768,6210
chacabuco,22,buenos aires,2018,17,dengue,9,de 35 a 44 anos,2,chacabuco,chaco,769,6210
chacabuco,22,buenos aires,2018,17,dengue,10,de 45 a 65 anos,4,chacabuco,chaco,770,6210
chacabuco,22,buenos aires,2018,17,dengue,11,mayores de 65 anos,2,chacabuco,chaco,771,6210
chacabuco,22,buenos aires,2018,17,dengue,11,mayores de 65 anos,3,chacabuco,chaco,772,6210
chacabuco,22,buenos aires,2018,17,dengue,11,mayores de 65 anos,1,chacabuco,chaco,773,6210
chacabuco,22,buenos aires,2018,17,dengue,11,mayores de 65 anos,1,chacabuco,chaco,774,6210
chacabuco,22,buenos aires,2018,18,dengue,5,de 10 a 14 anos,1,chacabuco,chaco,775,6210
chacabuco,22,buenos aires,2018,18,dengue,6,de 15 a 19 anos,3,chacabuco,chaco,776,6210
chacabuco,22,buenos aires,2018,18,dengue,7,de 20 a 24 anos,5,chacabuco,chaco,777,6210
chacabuco,22,buenos aires,2018,18,dengue,8,de 25 a 34 anos,1,chacabuco,chaco,778,6210
chacabuco,22,buenos aires,2018,18,dengue,9,de 35 a 44 anos,5,chacabuco,chaco,779,6210
chacabuco,22,buenos aires,2018,18,dengue,10,de 45 a 65 anos,4,chacabuco,chaco,780,6210
chacabuco,22,buenos aires,2018,18,dengue,11,mayores de 65 anos,8,chacabuco,chaco,781,6210
chacabuco,22,buenos aires,2018,19,dengue,5,de 10 a 14 anos,2,chacabuco,chaco,782,6210
chacabuco,22,buenos aires,2018,19,dengue,6,de 15 a 19 anos,5,chacabuco,chaco,783,6210
chacabuco,22,buenos aires,2018,19,dengue,7,de 20 a 24 anos,10,chacabuco,chaco,784,6210
chacabuco,22,buenos aires,2018,19,dengue,8,de 25 a 34 anos,5,chacabuco,chaco,785,6210
chacabuco,22,buenos aires,2018,19,dengue,9,de 35 a 44 anos,9,chacabuco,chaco,786,6210
chacabuco,22,buenos aires,2018,19,dengue,10,de 45 a 65 anos,3,chacabuco,chaco,787,6210
chacabuco,22,buenos aires,2018,19,dengue,11,mayores de 65 anos,5,chacabuco,chaco,788,6210
chacabuco,22,buenos aires,2018,20,dengue,3,de 2 a 4 anos,1,chacabuco,chaco,789,6210
chacabuco,22,buenos aires,2018,20,dengue,5,de 10 a 14 anos,4,chacabuco,chaco,790,6210
chacabuco,22,buenos aires,2018,20,dengue,6,de 15 a 19 anos,1,chacabuco,chaco,791,6210
chacabuco,22,buenos aires,2018,20,dengue,7,de 20 a 24 anos,2,chacabuco,chaco,792,6210
chacabuco,22,buenos aires,2018,20,dengue,8,de 25 a 34 anos,3,chacabuco,chaco,793,6210
chacabuco,22,buenos aires,2018,20,dengue,9,de 35 a 44 anos,1,chacabuco,chaco,794,6210
chacabuco,22,buenos aires,2018,20,dengue,10,de 45 a 65 anos,3,chacabuco,chaco,795,6210
chacabuco,22,buenos aires,2018,20,dengue,11,mayores de 65 anos,3,chacabuco,chaco,796,6210
chacabuco,22,buenos aires,2018,21,dengue,6,de 15 a 19 anos,1,chacabuco,chaco,797,6210
chacabuco,22,buenos aires,2018,21,dengue,7,de 20 a 24 anos,3,chacabuco,chaco,798,6210
chacabuco,22,buenos aires,2018,21,dengue,8,de 25 a 34 anos,1,chacabuco,chaco,799,6210
chacabuco,22,buenos aires,2018,21,dengue,9,de 35 a 44 anos,1,chacabuco,chaco,800,6210
chacabuco,22,buenos aires,2018,21,dengue,10,de 45 a 65 anos,2,chacabuco,chaco,801,6210
chacabuco,22,buenos aires,2018,21,dengue,11,mayores de 65 anos,2,chacabuco,chaco,802,6210
chacabuco,22,buenos aires,2018,22,dengue,6,de 15 a 19 anos,2,chacabuco,chaco,803,6210
chacabuco,22,buenos aires,2018,22,dengue,7,de 20 a 24 anos,2,chacabuco,chaco,804,6210
chacabuco,22,buenos aires,2018,22,dengue,11,mayores de 65 anos,1,chacabuco,chaco,805,6210
chacabuco,22,buenos aires,2018,23,dengue,7,de 20 a 24 anos,2,chacabuco,chaco,806,6210
chacabuco,22,buenos aires,2018,23,dengue,9,de 35 a 44 anos,1,chacabuco,chaco,807,6210
chacabuco,22,buenos aires,2018,23,dengue,10,de 45 a 65 anos,1,chacabuco,chaco,808,6210
castellanos,82,santa fe,2018,20,dengue,9,de 35 a 44 anos,1,castellanos,santa fe,809,82021
general obligado,82,santa fe,2018,19,dengue,8,de 25 a 34 anos,1,general obligado,santa fe,810,82049
general obligado,82,santa fe,2018,21,dengue,8,de 25 a 34 anos,1,general obligado,santa fe,811,82049
general obligado,82,santa fe,2018,22,dengue,9,de 35 a 44 anos,1,general obligado,santa fe,812,82049
general obligado,82,santa fe,2018,23,dengue,9,de 35 a 44 anos,1,general obligado,santa fe,813,82049
rosario,82,santa fe,2018,15,dengue,9,de 35 a 44 anos,1,rosario,santa fe,814,82084
rosario,82,santa fe,2018,18,dengue,10,de 45 a 65 anos,1,rosario,santa fe,815,82084
rosario,82,santa fe,2018,19,dengue,9,de 35 a 44 anos,1,rosario,santa fe,816,82084
rosario,82,santa fe,2018,50,dengue,11,mayores de 65 anos,1,rosario,santa fe,817,82084
san lorenzo,22,chaco,2018,19,dengue,9,de 35 a 44 anos,1,san lorenzo,chaco,818,22147
banda,86,santiago del estero,2018,5,dengue,7,de 20 a 24 anos,1,banda,santiago del estero,819,86035
banda,86,santiago del estero,2018,15,dengue,4,de 5 a 9 anos,1,banda,santiago del estero,820,86035
banda,86,santiago del estero,2018,16,dengue,1,posneonato 29 hasta 365 dias,1,banda,santiago del estero,821,86035
banda,86,santiago del estero,2018,17,dengue,7,de 20 a 24 anos,1,banda,santiago del estero,822,86035
banda,86,santiago del estero,2018,17,dengue,7,de 20 a 24 anos,1,banda,santiago del estero,823,86035
banda,86,santiago del estero,2018,18,dengue,3,de 2 a 4 anos,1,banda,santiago del estero,824,86035
santiago del estero capital,86,santiago del estero,2018,5,dengue,9,de 35 a 44 anos,1,santiago del estero capital,santiago del estero,825,86049
santiago del estero capital,86,santiago del estero,2018,5,dengue,11,mayores de 65 anos,1,santiago del estero capital,santiago del estero,826,86049
santiago del estero capital,86,santiago del estero,2018,14,dengue,10,de 45 a 65 anos,1,santiago del estero capital,santiago del estero,827,86049
santiago del estero capital,86,santiago del estero,2018,15,dengue,7,de 20 a 24 anos,1,santiago del estero capital,santiago del estero,828,86049
santiago del estero capital,86,santiago del estero,2018,15,dengue,9,de 35 a 44 anos,1,santiago del estero capital,santiago del estero,829,86049
santiago del estero capital,86,santiago del estero,2018,15,dengue,10,de 45 a 65 anos,1,santiago del estero capital,santiago del estero,830,86049
santiago del estero capital,86,santiago del estero,2018,15,dengue,11,mayores de 65 anos,3,santiago del estero capital,santiago del estero,831,86049
santiago del estero capital,86,santiago del estero,2018,16,dengue,1,posneonato 29 hasta 365 dias,1,santiago del estero capital,santiago del estero,832,86049
santiago del estero capital,86,santiago del estero,2018,16,dengue,4,de 5 a 9 anos,1,santiago del estero capital,santiago del estero,833,86049
santiago del estero capital,86,santiago del estero,2018,16,dengue,5,de 10 a 14 anos,1,santiago del estero capital,santiago del estero,834,86049
santiago del estero capital,86,santiago del estero,2018,16,dengue,6,de 15 a 19 anos,2,santiago del estero capital,santiago del estero,835,86049
santiago del estero capital,86,santiago del estero,2018,16,dengue,7,de 20 a 24 anos,10,santiago del estero capital,santiago del estero,836,86049
santiago del estero capital,86,santiago del estero,2018,16,dengue,9,de 35 a 44 anos,7,santiago del estero capital,santiago del estero,837,86049
santiago del estero capital,86,santiago del estero,2018,16,dengue,10,de 45 a 65 anos,2,santiago del estero capital,santiago del estero,838,86049
santiago del estero capital,86,santiago del estero,2018,16,dengue,11,mayores de 65 anos,8,santiago del estero capital,santiago del estero,839,86049
santiago del estero capital,86,santiago del estero,2018,16,dengue,11,mayores de 65 anos,1,santiago del estero capital,santiago del estero,840,86049
santiago del estero capital,86,santiago del estero,2018,16,dengue,11,mayores de 65 anos,1,santiago del estero capital,santiago del estero,841,86049
santiago del estero capital,86,santiago del estero,2018,17,dengue,1,posneonato 29 hasta 365 dias,1,santiago del estero capital,santiago del estero,842,86049
santiago del estero capital,86,santiago del estero,2018,17,dengue,3,de 2 a 4 anos,1,santiago del estero capital,santiago del estero,843,86049
santiago del estero capital,86,santiago del estero,2018,17,dengue,4,de 5 a 9 anos,4,santiago del estero capital,santiago del estero,844,86049
santiago del estero capital,86,santiago del estero,2018,17,dengue,5,de 10 a 14 anos,4,santiago del estero capital,santiago del estero,845,86049
santiago del estero capital,86,santiago del estero,2018,17,dengue,6,de 15 a 19 anos,6,santiago del estero capital,santiago del estero,846,86049
santiago del estero capital,86,santiago del estero,2018,17,dengue,7,de 20 a 24 anos,2,santiago del estero capital,santiago del estero,847,86049
santiago del estero capital,86,santiago del estero,2018,17,dengue,7,de 20 a 24 anos,5,santiago del estero capital,santiago del estero,848,86049
santiago del estero capital,86,santiago del estero,2018,17,dengue,8,de 25 a 34 anos,2,santiago del estero capital,santiago del estero,849,86049
santiago del estero capital,86,santiago del estero,2018,17,dengue,9,de 35 a 44 anos,3,santiago del estero capital,santiago del estero,850,86049
santiago del estero capital,86,santiago del estero,2018,17,dengue,10,de 45 a 65 anos,3,santiago del estero capital,santiago del estero,851,86049
santiago del estero capital,86,santiago del estero,2018,17,dengue,11,mayores de 65 anos,2,santiago del estero capital,santiago del estero,852,86049
santiago del estero capital,86,santiago del estero,2018,17,dengue,11,mayores de 65 anos,1,santiago del estero capital,santiago del estero,853,86049
santiago del estero capital,86,santiago del estero,2018,18,dengue,4,de 5 a 9 anos,2,santiago del estero capital,santiago del estero,854,86049
santiago del estero capital,86,santiago del estero,2018,18,dengue,5,de 10 a 14 anos,5,santiago del estero capital,santiago del estero,855,86049
santiago del estero capital,86,santiago del estero,2018,18,dengue,6,de 15 a 19 anos,6,santiago del estero capital,santiago del estero,856,86049
santiago del estero capital,86,santiago del estero,2018,18,dengue,7,de 20 a 24 anos,1,santiago del estero capital,santiago del estero,857,86049
santiago del estero capital,86,santiago del estero,2018,18,dengue,8,de 25 a 34 anos,1,santiago del estero capital,santiago del estero,858,86049
santiago del estero capital,86,santiago del estero,2018,18,dengue,9,de 35 a 44 anos,2,santiago del estero capital,santiago del estero,859,86049
santiago del estero capital,86,santiago del estero,2018,18,dengue,11,mayores de 65 anos,1,santiago del estero capital,santiago del estero,860,86049
santiago del estero capital,86,santiago del estero,2018,20,dengue,11,mayores de 65 anos,1,santiago del estero capital,santiago del estero,861,86049
santiago del estero capital,86,santiago del estero,2018,21,dengue,3,de 2 a 4 anos,1,santiago del estero capital,santiago del estero,862,86049
santiago del estero capital,86,santiago del estero,2018,21,dengue,5,de 10 a 14 anos,2,santiago del estero capital,santiago del estero,863,86049
santiago del estero capital,86,santiago del estero,2018,21,dengue,6,de 15 a 19 anos,2,santiago del estero capital,santiago del estero,864,86049
santiago del estero capital,86,santiago del estero,2018,21,dengue,7,de 20 a 24 anos,1,santiago del estero capital,santiago del estero,865,86049
santiago del estero capital,86,santiago del estero,2018,21,dengue,8,de 25 a 34 anos,1,santiago del estero capital,santiago del estero,866,86049
santiago del estero capital,86,santiago del estero,2018,21,dengue,9,de 35 a 44 anos,1,santiago del estero capital,santiago del estero,867,86049
santiago del estero capital,86,santiago del estero,2018,21,dengue,11,mayores de 65 anos,3,santiago del estero capital,santiago del estero,868,86049
rio hondo,86,santiago del estero,2018,18,dengue,4,de 5 a 9 anos,1,rio hondo,santiago del estero,870,86147
rio hondo,86,santiago del estero,2018,20,dengue,10,de 45 a 65 anos,1,rio hondo,santiago del estero,871,86147
rio hondo,86,santiago del estero,2018,21,dengue,1,posneonato 29 hasta 365 dias,1,rio hondo,santiago del estero,872,86147
chicligasta,90,tucuman,2018,14,dengue,10,de 45 a 65 anos,1,chicligasta,tucuman,873,90021
cordoba capital,14,cordoba,2018,12,dengue,7,de 20 a 24 anos,1,cordoba capital,cordoba,874,14014
cordoba capital,14,cordoba,2018,12,dengue,9,de 35 a 44 anos,2,cordoba capital,cordoba,875,14014
cordoba capital,14,cordoba,2018,13,dengue,7,de 20 a 24 anos,1,cordoba capital,cordoba,876,14014
cordoba capital,14,cordoba,2018,13,dengue,9,de 35 a 44 anos,1,cordoba capital,cordoba,877,14014
cordoba capital,14,cordoba,2018,13,dengue,10,de 45 a 65 anos,1,cordoba capital,cordoba,878,14014
cordoba capital,14,cordoba,2018,13,dengue,11,mayores de 65 anos,1,cordoba capital,cordoba,879,14014
cordoba capital,14,cordoba,2018,15,dengue,7,de 20 a 24 anos,1,cordoba capital,cordoba,880,14014
cordoba capital,14,cordoba,2018,16,dengue,10,de 45 a 65 anos,1,cordoba capital,cordoba,881,14014
cordoba capital,14,cordoba,2018,16,dengue,11,mayores de 65 anos,1,cordoba capital,cordoba,882,14014
cordoba capital,14,cordoba,2018,17,dengue,11,mayores de 65 anos,1,cordoba capital,cordoba,883,14014
yerba buena,90,tucuman,2018,20,dengue,6,de 15 a 19 anos,1,yerba buena,tucuman,884,90119
la matanza,6,buenos aires,2018,11,enfermedad por virus del zika,11,mayores de 65 anos,1,la matanza,buenos aires,885,6427
salta capital,66,salta,2018,23,enfermedad por virus del zika,10,de 45 a 65 anos,1,salta capital,salta,886,66028
general jose de san martin,66,salta,2018,10,enfermedad por virus del zika,10,de 45 a 65 anos,1,general jose de san martin,salta,887,66056
general jose de san martin,66,salta,2018,11,enfermedad por virus del zika,9,de 35 a 44 anos,1,general jose de san martin,salta,888,66056
general jose de san martin,66,salta,2018,12,enfermedad por virus del zika,8,de 25 a 34 anos,1,general jose de san martin,salta,889,66056
general jose de san martin,66,salta,2018,12,enfermedad por virus del zika,2,de 13 a 24 meses,1,general jose de san martin,salta,890,66056
general jose de san martin,66,salta,2018,14,enfermedad por virus del zika,9,de 35 a 44 anos,2,general jose de san martin,salta,891,66056
general jose de san martin,66,salta,2018,15,enfermedad por virus del zika,9,de 35 a 44 anos,1,general jose de san martin,salta,892,66056
general jose de san martin,66,salta,2018,15,enfermedad por virus del zika,10,de 45 a 65 anos,1,general jose de san martin,salta,893,66056
general jose de san martin,66,salta,2018,16,enfermedad por virus del zika,9,de 35 a 44 anos,1,general jose de san martin,salta,894,66056
general jose de san martin,66,salta,2018,16,enfermedad por virus del zika,10,de 45 a 65 anos,1,general jose de san martin,salta,895,66056
general jose de san martin,66,salta,2018,19,enfermedad por virus del zika,1,posneonato 29 hasta 365 dias,1,general jose de san martin,salta,896,66056
general jose de san martin,66,salta,2018,19,enfermedad por virus del zika,8,de 25 a 34 anos,1,general jose de san martin,salta,897,66056
general jose de san martin,66,salta,2018,19,enfermedad por virus del zika,10,de 45 a 65 anos,1,general jose de san martin,salta,898,66056
general jose de san martin,66,salta,2018,20,enfermedad por virus del zika,3,de 2 a 4 anos,1,general jose de san martin,salta,899,66056
general jose de san martin,66,salta,2018,20,enfermedad por virus del zika,4,de 5 a 9 anos,1,general jose de san martin,salta,900,66056
general jose de san martin,66,salta,2018,20,enfermedad por virus del zika,9,de 35 a 44 anos,1,general jose de san martin,salta,901,66056
general jose de san martin,66,salta,2018,21,enfermedad por virus del zika,5,de 10 a 14 anos,1,general jose de san martin,salta,902,66056
general jose de san martin,66,salta,2018,22,enfermedad por virus del zika,7,de 20 a 24 anos,1,general jose de san martin,salta,903,66056
general jose de san martin,66,salta,2018,22,enfermedad por virus del zika,10,de 45 a 65 anos,1,general jose de san martin,salta,904,66056
general jose de san martin,66,salta,2018,22,enfermedad por virus del zika,11,mayores de 65 anos,1,general jose de san martin,salta,905,66056
oran,66,salta,2018,18,enfermedad por virus del zika,7,de 20 a 24 anos,1,oran,salta,906,66126
oran,66,salta,2018,18,enfermedad por virus del zika,9,de 35 a 44 anos,1,oran,salta,907,66126
oran,66,salta,2018,19,enfermedad por virus del zika,7,de 20 a 24 anos,2,oran,salta,908,66126
oran,66,salta,2018,19,enfermedad por virus del zika,8,de 25 a 34 anos,1,oran,salta,909,66126
oran,66,salta,2018,19,enfermedad por virus del zika,9,de 35 a 44 anos,2,oran,salta,910,66126
oran,66,salta,2018,20,enfermedad por virus del zika,5,de 10 a 14 anos,1,oran,salta,911,66126
oran,66,salta,2018,20,enfermedad por virus del zika,7,de 20 a 24 anos,1,oran,salta,912,66126
oran,66,salta,2018,20,enfermedad por virus del zika,8,de 25 a 34 anos,1,oran,salta,913,66126
oran,66,salta,2018,20,enfermedad por virus del zika,11,mayores de 65 anos,1,oran,salta,914,66126
oran,66,salta,2018,21,enfermedad por virus del zika,9,de 35 a 44 anos,1,oran,salta,915,66126
oran,66,salta,2018,22,enfermedad por virus del zika,6,de 15 a 19 anos,1,oran,salta,916,66126
oran,66,salta,2018,23,enfermedad por virus del zika,7,de 20 a 24 anos,1,oran,salta,917,66126
oran,66,salta,2018,23,enfermedad por virus del zika,9,de 35 a 44 anos,1,oran,salta,918,66126
