anio,mes,provincia_nombre,cantidad_casos
2018,1,CHACO,2
2018,1,CIUDAD AUTONOMA DE BUENOS AIRES,1
2018,1,FORMOSA,4
2018,1,MISIONES,1
2018,1,SANTIAGO DEL ESTERO,3
2018,2,BUENOS AIRES,9
2018,2,CIUDAD AUTONOMA DE BUENOS AIRES,10
2018,2,FORMOSA,5
2018,2,MISIONES,2
2018,3,BUENOS AIRES,44
2018,3,CHACO,23
2018,3,CIUDAD AUTONOMA DE BUENOS AIRES,30
2018,3,CORDOBA,8
2018,3,CORRIENTES,1
2018,3,FORMOSA,10
2018,3,MISIONES,17
2018,3,SALTA,2
2018,4,BUENOS AIRES,103
2018,4,CHACO,274
2018,4,CIUDAD AUTONOMA DE BUENOS AIRES,80
2018,4,CORDOBA,4
2018,4,CORRIENTES,7
2018,4,DESCONOCIDA,2
2018,4,ENTRE RIOS,3
2018,4,FORMOSA,2
2018,4,MISIONES,61
2018,4,SALTA,4
2018,4,SANTA FE,2
2018,4,SANTIAGO DEL ESTERO,99
2018,4,TUCUMAN,1
2018,5,BUENOS AIRES,27
2018,5,CHACO,409
2018,5,CIUDAD AUTONOMA DE BUENOS AIRES,9
2018,5,CORDOBA,1
2018,5,CORRIENTES,96
2018,5,ENTRE RIOS,2
2018,5,FORMOSA,3
2018,5,MISIONES,63
2018,5,SALTA,49
2018,5,SANTA FE,6
2018,5,SANTIAGO DEL ESTERO,14
2018,5,TUCUMAN,1
2018,6,CHACO,25
2018,6,CIUDAD AUTONOMA DE BUENOS AIRES,2
2018,6,CORRIENTES,20
2018,6,MENDOZA,1
2018,6,MISIONES,10
2018,6,SALTA,3
2018,6,SANTA FE,2
2018,7,CHACO,3
2018,7,CORRIENTES,2
2018,9,CHACO,1
2018,9,CIUDAD AUTONOMA DE BUENOS AIRES,1
2018,10,BUENOS AIRES,3
2018,11,CHACO,1
2018,11,MISIONES,1
2018,12,BUENOS AIRES,1
2018,12,CHACO,1
2018,12,ENTRE RIOS,1
2018,12,MISIONES,3
2018,12,SANTA FE,1
2019,1,CHACO,1
2019,1,CIUDAD AUTONOMA DE BUENOS AIRES,1
2019,1,FORMOSA,11
2019,1,MISIONES,24
2019,1,SALTA,66
2019,1,SANTA FE,35
2019,1,SANTIAGO DEL ESTERO,1
2019,2,BUENOS AIRES,11
2019,2,CHACO,1
2019,2,CIUDAD AUTONOMA DE BUENOS AIRES,4
2019,2,CORDOBA,1
2019,2,JUJUY,7
2019,2,MISIONES,75
2019,2,SALTA,161
2019,2,SANTA FE,99
2019,3,BUENOS AIRES,16
2019,3,CHACO,8
2019,3,CIUDAD AUTONOMA DE BUENOS AIRES,5
2019,3,JUJUY,50
2019,3,MISIONES,108
2019,3,SALTA,240
2019,3,SANTA FE,115
2019,3,TUCUMAN,1
2019,4,BUENOS AIRES,26
2019,4,CHACO,24
2019,4,CIUDAD AUTONOMA DE BUENOS AIRES,10
2019,4,CORDOBA,1
2019,4,FORMOSA,1
2019,4,JUJUY,246
2019,4,MISIONES,157
2019,4,SALTA,230
2019,4,SANTA FE,191
2019,4,SANTIAGO DEL ESTERO,3
2019,4,TUCUMAN,1
2019,5,BUENOS AIRES,4
2019,5,CHACO,78
2019,5,CIUDAD AUTONOMA DE BUENOS AIRES,2
2019,5,CORDOBA,1
2019,5,JUJUY,223
2019,5,MISIONES,148
2019,5,SALTA,213
2019,5,SANTA FE,50
2019,5,TUCUMAN,3
2019,6,BUENOS AIRES,2
2019,6,CHACO,5
2019,6,JUJUY,27
2019,6,MISIONES,7
2019,6,SALTA,24
2019,6,SANTA FE,4
2019,7,CHACO,1
2019,7,JUJUY,1
2019,7,SALTA,8
2019,9,CHACO,1
2019,9,MISIONES,2
2019,10,MISIONES,5
2019,11,CHACO,1
2019,11,MISIONES,19
2019,12,CIUDAD AUTONOMA DE BUENOS AIRES,2
2019,12,FORMOSA,2
2019,12,MISIONES,27
2019,12,SALTA,2
2019,12,SANTA FE,1
2020,1,BUENOS AIRES,30
2020,1,CHACO,13
2020,1,CIUDAD AUTONOMA DE BUENOS AIRES,30
2020,1,CORDOBA,12
2020,1,CORRIENTES,13
2020,1,ENTRE RIOS,6
2020,1,FORMOSA,72
2020,1,JUJUY,15
2020,1,LA RIOJA,9
2020,1,MENDOZA,2
2020,1,MISIONES,507
2020,1,SALTA,32
2020,1,SANTIAGO DEL ESTERO,1
2020,2,(EN BLANCO),2
2020,2,BUENOS AIRES,521
2020,2,CATAMARCA,17
2020,2,CHACO,181
2020,2,CIUDAD AUTONOMA DE BUENOS AIRES,499
2020,2,CORDOBA,232
2020,2,CORRIENTES,157
2020,2,ENTRE RIOS,44
2020,2,FORMOSA,616
2020,2,JUJUY,99
2020,2,LA PAMPA,2
2020,2,LA RIOJA,133
2020,2,MENDOZA,3
2020,2,MISIONES,1384
2020,2,NEUQUEN,2
2020,2,RIO NEGRO,2
2020,2,SALTA,339
2020,2,SAN LUIS,1
2020,2,SANTA FE,208
2020,2,SANTIAGO DEL ESTERO,30
2020,2,TUCUMAN,2
2020,3,(EN BLANCO),1
2020,3,*SIN DATO*,1
2020,3,BUENOS AIRES,3431
2020,3,CATAMARCA,204
2020,3,CHACO,968
2020,3,CIUDAD AUTONOMA DE BUENOS AIRES,3469
2020,3,CORDOBA,1841
2020,3,CORRIENTES,818
2020,3,ENTRE RIOS,305
2020,3,FORMOSA,853
2020,3,JUJUY,1460
2020,3,LA PAMPA,3
2020,3,LA RIOJA,681
2020,3,MENDOZA,4
2020,3,MISIONES,2300
2020,3,NEUQUEN,3
2020,3,RIO NEGRO,2
2020,3,SALTA,1560
2020,3,SAN JUAN,13
2020,3,SAN LUIS,21
2020,3,SANTA CRUZ,3
2020,3,SANTA FE,1653
2020,3,SANTIAGO DEL ESTERO,18
2020,3,TIERRA DEL FUEGO,2
2020,3,TUCUMAN,26
2020,4,*SIN DATO*,1
2020,4,BUENOS AIRES,1768
2020,4,CATAMARCA,82
2020,4,CHACO,959
2020,4,CHUBUT,1
2020,4,CIUDAD AUTONOMA DE BUENOS AIRES,2373
2020,4,CORDOBA,1187
2020,4,CORRIENTES,666
2020,4,ENTRE RIOS,190
2020,4,FORMOSA,662
2020,4,JUJUY,2185
2020,4,LA PAMPA,1
2020,4,LA RIOJA,69
2020,4,MISIONES,954
2020,4,SALTA,1083
2020,4,SAN JUAN,45
2020,4,SAN LUIS,5
2020,4,SANTA CRUZ,2
2020,4,SANTA FE,2094
2020,4,SANTIAGO DEL ESTERO,4
2020,4,TIERRA DEL FUEGO,1
2020,4,TUCUMAN,54
2020,5,(EN BLANCO),1
2020,5,BUENOS AIRES,450
2020,5,CATAMARCA,23
2020,5,CHACO,826
2020,5,CIUDAD AUTONOMA DE BUENOS AIRES,465
2020,5,CORDOBA,315
2020,5,CORRIENTES,727
2020,5,ENTRE RIOS,34
2020,5,FORMOSA,621
2020,5,JUJUY,1429
2020,5,LA RIOJA,23
2020,5,MENDOZA,2
2020,5,MISIONES,195
2020,5,SALTA,405
2020,5,SAN JUAN,42
2020,5,SANTA CRUZ,1
2020,5,SANTA FE,685
2020,5,TIERRA DEL FUEGO,1
2020,5,TUCUMAN,21
2020,6,(EN BLANCO),1
2020,6,BUENOS AIRES,23
2020,6,CHACO,87
2020,6,CHUBUT,1
2020,6,CIUDAD AUTONOMA DE BUENOS AIRES,15
2020,6,CORDOBA,9
2020,6,CORRIENTES,117
2020,6,ENTRE RIOS,2
2020,6,FORMOSA,213
2020,6,JUJUY,42
2020,6,LA RIOJA,4
2020,6,MISIONES,41
2020,6,SALTA,159
2020,6,SAN JUAN,2
2020,6,SANTA FE,26
2020,6,TUCUMAN,1
2020,7,BUENOS AIRES,1
2020,7,CHACO,1
2020,7,CIUDAD AUTONOMA DE BUENOS AIRES,3
2020,7,CORRIENTES,15
2020,7,FORMOSA,43
2020,7,JUJUY,1
2020,7,SALTA,3
2020,7,SANTA FE,2
2020,8,BUENOS AIRES,2
2020,8,CHACO,1
2020,8,CORRIENTES,4
2020,8,FORMOSA,9
2020,9,BUENOS AIRES,2
2020,9,CHACO,1
2020,9,CIUDAD AUTONOMA DE BUENOS AIRES,2
2020,9,FORMOSA,7
2020,10,BUENOS AIRES,1
2020,10,CHACO,1
2020,10,CIUDAD AUTONOMA DE BUENOS AIRES,1
2020,10,FORMOSA,4
2020,10,SANTA FE,1
2020,11,BUENOS AIRES,5
2020,11,CHACO,1
2020,11,CIUDAD AUTONOMA DE BUENOS AIRES,3
2020,11,CORRIENTES,1
2020,11,FORMOSA,3
2020,11,SALTA,3
2020,11,SANTA FE,1
2020,12,BUENOS AIRES,1
2020,12,CIUDAD AUTONOMA DE BUENOS AIRES,3
2020,12,CORDOBA,1
2020,12,CORRIENTES,1
2020,12,FORMOSA,3
2020,12,MISIONES,47
2020,12,SALTA,8
2021,1,34,61
2021,1,46,6
2021,1,54,4
2021,1,66,57
2021,1,82,1
2021,2,18,1
2021,2,34,219
2021,2,38,1
2021,2,46,43
2021,2,54,14
2021,2,66,178
2021,2,82,1
2021,2,90,1
2021,3,14,2
2021,3,18,1
2021,3,2,2
2021,3,30,4
2021,3,34,91
2021,3,38,28
2021,3,42,1
2021,3,46,270
2021,3,50,1
2021,3,54,46
2021,3,6,6
2021,3,66,443
2021,3,74,2
2021,3,82,3
2021,3,90,1
2021,4,10,1
2021,4,14,3
2021,4,18,10
2021,4,2,1
2021,4,22,1
2021,4,30,13
2021,4,34,27
2021,4,38,92
2021,4,46,498
2021,4,54,37
2021,4,6,5
2021,4,66,655
2021,4,74,4
2021,4,82,24
2021,4,90,5
2021,5,10,2
2021,5,14,4
2021,5,18,2
2021,5,22,1
2021,5,34,3
2021,5,38,58
2021,5,46,368
2021,5,54,20
2021,5,66,553
2021,5,74,1
2021,5,78,1
2021,5,82,10
2021,5,90,13
2021,6,38,10
2021,6,46,7
2021,6,54,2
2021,6,66,67
2021,6,82,1
2021,6,90,3
2021,7,66,1
2022,1,BUENOS AIRES,2
2022,1,CATAMARCA,1
2022,1,SALTA,5
2022,1,SANTA FE,1
2022,2,BUENOS AIRES,19
2022,2,CIUDAD AUTONOMA DE BUENOS AIRES,2
2022,2,SALTA,4
2022,2,SAN LUIS,1
2022,2,SANTA FE,2
2022,2,SANTIAGO DEL ESTERO,1
2022,3,BUENOS AIRES,43
2022,3,CATAMARCA,1
2022,3,CORDOBA,1
2022,3,MENDOZA,1
2022,3,SALTA,108
2022,3,SANTA FE,9
2022,4,BUENOS AIRES,71
2022,4,CIUDAD AUTONOMA DE BUENOS AIRES,1
2022,4,CORDOBA,2
2022,4,SALTA,335
2022,4,SANTA FE,6
2022,4,SANTIAGO DEL ESTERO,3
2022,5,BUENOS AIRES,13
2022,5,CIUDAD AUTONOMA DE BUENOS AIRES,2
2022,5,CORDOBA,1
2022,5,MISIONES,1
2022,5,SALTA,142
2022,5,SANTA FE,8
2022,6,SALTA,1
2022,7,SANTA FE,2
2022,8,BUENOS AIRES,1
2022,8,CORRIENTES,1
2022,10,BUENOS AIRES,1
2022,10,CORDOBA,1
2022,10,MENDOZA,2
2022,11,CIUDAD AUTONOMA DE BUENOS AIRES,3
2022,11,CORDOBA,2
2022,12,CIUDAD AUTONOMA DE BUENOS AIRES,1
2022,12,CORDOBA,1
2023,1,BUENOS AIRES,18
2023,1,CHACO,34
2023,1,CIUDAD AUTONOMA DE BUENOS AIRES,32
2023,1,CORDOBA,9
2023,1,CORRIENTES,1
2023,1,DESCONOCIDA,3
2023,1,FORMOSA,6
2023,1,JUJUY,8
2023,1,MENDOZA,2
2023,1,MISIONES,4
2023,1,SALTA,27
2023,1,SANTA FE,79
2023,1,SANTIAGO DEL ESTERO,4
2023,1,TUCUMAN,39
2023,2,BUENOS AIRES,169
2023,2,CATAMARCA,5
2023,2,CHACO,17
2023,2,CIUDAD AUTONOMA DE BUENOS AIRES,259
2023,2,CORDOBA,44
2023,2,CORRIENTES,13
2023,2,DESCONOCIDA,9
2023,2,ENTRE RIOS,7
2023,2,FORMOSA,18
2023,2,JUJUY,179
2023,2,LA RIOJA,1
2023,2,MISIONES,7
2023,2,NEUQUEN,1
2023,2,SALTA,783
2023,2,SAN LUIS,1
2023,2,SANTA CRUZ,1
2023,2,SANTA FE,1412
2023,2,SANTIAGO DEL ESTERO,176
2023,2,TIERRA DEL FUEGO,1
2023,2,TUCUMAN,948
2023,3,BUENOS AIRES,4387
2023,3,CATAMARCA,276
2023,3,CHACO,313
2023,3,CHUBUT,1
2023,3,CIUDAD AUTONOMA DE BUENOS AIRES,5545
2023,3,CORDOBA,2217
2023,3,CORRIENTES,165
2023,3,DESCONOCIDA,128
2023,3,ENTRE RIOS,147
2023,3,FORMOSA,109
2023,3,JUJUY,2194
2023,3,LA PAMPA,7
2023,3,LA RIOJA,38
2023,3,MENDOZA,3
2023,3,MISIONES,38
2023,3,NEUQUEN,5
2023,3,RIO NEGRO,3
2023,3,SALTA,5829
2023,3,SAN LUIS,11
2023,3,SANTA CRUZ,5
2023,3,SANTA FE,7674
2023,3,SANTIAGO DEL ESTERO,4183
2023,3,TIERRA DEL FUEGO,9
2023,3,TUCUMAN,9537
2023,4,BUENOS AIRES,4720
2023,4,CATAMARCA,546
2023,4,CHACO,2772
2023,4,CHUBUT,5
2023,4,CIUDAD AUTONOMA DE BUENOS AIRES,6097
2023,4,CORDOBA,4396
2023,4,CORRIENTES,458
2023,4,DESCONOCIDA,189
2023,4,ENTRE RIOS,390
2023,4,FORMOSA,217
2023,4,JUJUY,2313
2023,4,LA PAMPA,15
2023,4,LA RIOJA,186
2023,4,MENDOZA,21
2023,4,MISIONES,92
2023,4,NEUQUEN,13
2023,4,RIO NEGRO,8
2023,4,SALTA,5491
2023,4,SAN JUAN,3
2023,4,SAN LUIS,38
2023,4,SANTA CRUZ,12
2023,4,SANTA FE,9314
2023,4,SANTIAGO DEL ESTERO,6471
2023,4,TIERRA DEL FUEGO,12
2023,4,TUCUMAN,10171
2023,5,BUENOS AIRES,882
2023,5,CATAMARCA,227
2023,5,CHACO,4599
2023,5,CIUDAD AUTONOMA DE BUENOS AIRES,1252
2023,5,CORDOBA,1174
2023,5,CORRIENTES,511
2023,5,DESCONOCIDA,65
2023,5,ENTRE RIOS,120
2023,5,FORMOSA,148
2023,5,JUJUY,635
2023,5,LA PAMPA,3
2023,5,LA RIOJA,162
2023,5,MENDOZA,9
2023,5,MISIONES,96
2023,5,NEUQUEN,7
2023,5,RIO NEGRO,1
2023,5,SALTA,2501
2023,5,SAN JUAN,1
2023,5,SAN LUIS,7
2023,5,SANTA CRUZ,2
2023,5,SANTA FE,2352
2023,5,SANTIAGO DEL ESTERO,3780
2023,5,TIERRA DEL FUEGO,4
2023,5,TUCUMAN,2785
2023,6,BUENOS AIRES,52
2023,6,CATAMARCA,15
2023,6,CHACO,2416
2023,6,CIUDAD AUTONOMA DE BUENOS AIRES,52
2023,6,CORDOBA,158
2023,6,CORRIENTES,220
2023,6,DESCONOCIDA,17
2023,6,ENTRE RIOS,14
2023,6,FORMOSA,32
2023,6,JUJUY,62
2023,6,LA PAMPA,1
2023,6,LA RIOJA,14
2023,6,MENDOZA,1
2023,6,MISIONES,22
2023,6,SALTA,445
2023,6,SAN JUAN,1
2023,6,SANTA CRUZ,2
2023,6,SANTA FE,352
2023,6,SANTIAGO DEL ESTERO,1107
2023,6,TUCUMAN,443
2023,7,BUENOS AIRES,25
2023,7,CATAMARCA,1
2023,7,CHACO,1501
2023,7,CHUBUT,1
2023,7,CIUDAD AUTONOMA DE BUENOS AIRES,8
2023,7,CORDOBA,11
2023,7,CORRIENTES,178
2023,7,DESCONOCIDA,11
2023,7,ENTRE RIOS,3
2023,7,FORMOSA,51
2023,7,JUJUY,16
2023,7,LA PAMPA,1
2023,7,MENDOZA,1
2023,7,MISIONES,17
2023,7,NEUQUEN,1
2023,7,SALTA,57
2023,7,SANTA FE,45
2023,7,SANTIAGO DEL ESTERO,60
2023,7,TIERRA DEL FUEGO,1
2023,7,TUCUMAN,240
2023,8,BUENOS AIRES,5
2023,8,CHACO,619
2023,8,CIUDAD AUTONOMA DE BUENOS AIRES,1
2023,8,CORDOBA,2
2023,8,CORRIENTES,44
2023,8,DESCONOCIDA,5
2023,8,FORMOSA,72
2023,8,JUJUY,1
2023,8,MISIONES,13
2023,8,SANTA CRUZ,3
2023,8,SANTA FE,8
2023,8,SANTIAGO DEL ESTERO,3
2023,8,TIERRA DEL FUEGO,1
2023,8,TUCUMAN,1
2023,9,BUENOS AIRES,5
2023,9,CATAMARCA,1
2023,9,CHACO,392
2023,9,CIUDAD AUTONOMA DE BUENOS AIRES,2
2023,9,CORDOBA,7
2023,9,CORRIENTES,29
2023,9,DESCONOCIDA,3
2023,9,FORMOSA,236
2023,9,MISIONES,6
2023,9,SALTA,2
2023,9,SANTA CRUZ,1
2023,9,SANTA FE,2
2023,10,BUENOS AIRES,20
2023,10,CATAMARCA,1
2023,10,CHACO,593
2023,10,CIUDAD AUTONOMA DE BUENOS AIRES,7
2023,10,CORDOBA,5
2023,10,CORRIENTES,56
2023,10,DESCONOCIDA,3
2023,10,ENTRE RIOS,1
2023,10,FORMOSA,995
2023,10,JUJUY,1
2023,10,MENDOZA,1
2023,10,MISIONES,23
2023,10,SALTA,2
2023,10,SAN LUIS,2
2023,10,SANTA CRUZ,2
2023,10,SANTA FE,7
2023,10,SANTIAGO DEL ESTERO,1
2023,10,TIERRA DEL FUEGO,1
2023,11,BUENOS AIRES,32
2023,11,CHACO,1321
2023,11,CIUDAD AUTONOMA DE BUENOS AIRES,5
2023,11,CORDOBA,14
2023,11,CORRIENTES,189
2023,11,DESCONOCIDA,10
2023,11,FORMOSA,1908
2023,11,MISIONES,135
2023,11,NEUQUEN,4
2023,11,SALTA,1
2023,11,SANTA CRUZ,18
2023,11,SANTA FE,14
2023,11,SANTIAGO DEL ESTERO,3
2023,11,TIERRA DEL FUEGO,4
2023,12,BUENOS AIRES,128
2023,12,CATAMARCA,1
2023,12,CHACO,3792
2023,12,CHUBUT,2
2023,12,CIUDAD AUTONOMA DE BUENOS AIRES,32
2023,12,CORDOBA,41
2023,12,CORRIENTES,1226
2023,12,DESCONOCIDA,25
2023,12,ENTRE RIOS,14
2023,12,FORMOSA,3106
2023,12,JUJUY,1
2023,12,LA PAMPA,1
2023,12,MENDOZA,5
2023,12,MISIONES,1393
2023,12,NEUQUEN,8
2023,12,SALTA,7
2023,12,SAN JUAN,3
2023,12,SAN LUIS,6
2023,12,SANTA CRUZ,25
2023,12,SANTA FE,69
2023,12,SANTIAGO DEL ESTERO,55
2023,12,TIERRA DEL FUEGO,16
2023,12,TUCUMAN,8
2024,1,BUENOS AIRES,1885
2024,1,CATAMARCA,485
2024,1,CHACO,10944
2024,1,CHUBUT,9
2024,1,CIUDAD AUTONOMA DE BUENOS AIRES,629
2024,1,CORDOBA,603
2024,1,CORRIENTES,3251
2024,1,DESCONOCIDA,110
2024,1,ENTRE RIOS,497
2024,1,FORMOSA,5790
2024,1,JUJUY,51
2024,1,LA PAMPA,14
2024,1,LA RIOJA,93
2024,1,MENDOZA,26
2024,1,MISIONES,4422
2024,1,NEUQUEN,21
2024,1,RIO NEGRO,7
2024,1,SALTA,191
2024,1,SAN JUAN,12
2024,1,SAN LUIS,27
2024,1,SANTA CRUZ,60
2024,1,SANTA FE,2884
2024,1,SANTIAGO DEL ESTERO,464
2024,1,TIERRA DEL FUEGO,35
2024,1,TUCUMAN,455
2024,2,BUENOS AIRES,22970
2024,2,CATAMARCA,3572
2024,2,CHACO,4451
2024,2,CHUBUT,12
2024,2,CIUDAD AUTONOMA DE BUENOS AIRES,4801
2024,2,CORDOBA,7379
2024,2,CORRIENTES,2237
2024,2,DESCONOCIDA,521
2024,2,ENTRE RIOS,2035
2024,2,FORMOSA,2249
2024,2,JUJUY,472
2024,2,LA PAMPA,47
2024,2,LA RIOJA,231
2024,2,MENDOZA,63
2024,2,MISIONES,5265
2024,2,NEUQUEN,14
2024,2,RIO NEGRO,11
2024,2,SALTA,2412
2024,2,SAN JUAN,44
2024,2,SAN LUIS,183
2024,2,SANTA CRUZ,36
2024,2,SANTA FE,13776
2024,2,SANTIAGO DEL ESTERO,1824
2024,2,TIERRA DEL FUEGO,37
2024,2,TUCUMAN,5582
2024,3,BUENOS AIRES,56676
2024,3,CATAMARCA,3674
2024,3,CHACO,2356
2024,3,CHUBUT,19
2024,3,CIUDAD AUTONOMA DE BUENOS AIRES,11025
2024,3,CORDOBA,51948
2024,3,CORRIENTES,2382
2024,3,DESCONOCIDA,1519
2024,3,ENTRE RIOS,8125
2024,3,FORMOSA,1137
2024,3,JUJUY,3841
2024,3,LA PAMPA,226
2024,3,LA RIOJA,3710
2024,3,MENDOZA,2020
2024,3,MISIONES,3976
2024,3,NEUQUEN,56
2024,3,RIO NEGRO,33
2024,3,SALTA,8925
2024,3,SAN JUAN,652
2024,3,SAN LUIS,1280
2024,3,SANTA CRUZ,69
2024,3,SANTA FE,25644
2024,3,SANTIAGO DEL ESTERO,7743
2024,3,TIERRA DEL FUEGO,41
2024,3,TUCUMAN,32731
2024,4,BUENOS AIRES,26451
2024,4,CATAMARCA,2954
2024,4,CHACO,2386
2024,4,CHUBUT,17
2024,4,CIUDAD AUTONOMA DE BUENOS AIRES,7454
2024,4,CORDOBA,42286
2024,4,CORRIENTES,2438
2024,4,DESCONOCIDA,22181
2024,4,ENTRE RIOS,7986
2024,4,FORMOSA,796
2024,4,JUJUY,8861
2024,4,LA PAMPA,257
2024,4,LA RIOJA,7057
2024,4,MENDOZA,2620
2024,4,MISIONES,4157
2024,4,NEUQUEN,81
2024,4,RIO NEGRO,45
2024,4,SALTA,11556
2024,4,SAN JUAN,1367
2024,4,SAN LUIS,2262
2024,4,SANTA CRUZ,56
2024,4,SANTA FE,18262
2024,4,SANTIAGO DEL ESTERO,8052
2024,4,TIERRA DEL FUEGO,43
2024,4,TUCUMAN,40174
2024,5,BUENOS AIRES,1501
2024,5,CATAMARCA,172
2024,5,CHACO,990
2024,5,CHUBUT,5
2024,5,CIUDAD AUTONOMA DE BUENOS AIRES,447
2024,5,CORDOBA,1685
2024,5,CORRIENTES,434
2024,5,DESCONOCIDA,2819
2024,5,ENTRE RIOS,729
2024,5,FORMOSA,398
2024,5,JUJUY,893
2024,5,LA PAMPA,7
2024,5,LA RIOJA,631
2024,5,MENDOZA,46
2024,5,MISIONES,457
2024,5,NEUQUEN,5
2024,5,RIO NEGRO,3
2024,5,SALTA,1000
2024,5,SAN JUAN,80
2024,5,SAN LUIS,126
2024,5,SANTA CRUZ,5
2024,5,SANTA FE,806
2024,5,SANTIAGO DEL ESTERO,717
2024,5,TIERRA DEL FUEGO,3
2024,5,TUCUMAN,4323
2024,6,BUENOS AIRES,62
2024,6,CATAMARCA,4
2024,6,CHACO,294
2024,6,CHUBUT,1
2024,6,CIUDAD AUTONOMA DE BUENOS AIRES,8
2024,6,CORDOBA,10
2024,6,CORRIENTES,70
2024,6,DESCONOCIDA,63
2024,6,ENTRE RIOS,23
2024,6,FORMOSA,123
2024,6,JUJUY,19
2024,6,LA PAMPA,1
2024,6,LA RIOJA,12
2024,6,MISIONES,7
2024,6,SALTA,27
2024,6,SAN LUIS,2
2024,6,SANTA FE,29
2024,6,SANTIAGO DEL ESTERO,12
2024,6,TUCUMAN,109
2024,7,BUENOS AIRES,1
2024,7,CHACO,2
2024,7,CORDOBA,1
2024,7,CORRIENTES,1
2024,7,FORMOSA,32
2024,7,MENDOZA,1
2024,7,SALTA,1
2024,7,SANTA FE,1
2024,8,BUENOS AIRES,1
2024,8,CHACO,1
2024,8,CORDOBA,1
2024,8,FORMOSA,26
2024,8,SANTA FE,1
2024,8,TUCUMAN,1
2024,9,BUENOS AIRES,1
2024,9,DESCONOCIDA,1
2024,9,FORMOSA,28
2024,10,BUENOS AIRES,4
2024,10,CIUDAD AUTONOMA DE BUENOS AIRES,3
2024,10,CORDOBA,4
2024,10,DESCONOCIDA,1
2024,10,ENTRE RIOS,1
2024,10,FORMOSA,30
2024,10,MENDOZA,4
2024,10,SALTA,1
2024,10,SANTA FE,2
2024,11,BUENOS AIRES,4
2024,11,CHUBUT,1
2024,11,CORDOBA,5
2024,11,DESCONOCIDA,1
2024,11,FORMOSA,59
2024,11,MENDOZA,2
2024,11,SALTA,1
2024,11,SANTA FE,8
2024,11,TUCUMAN,1
2024,12,BUENOS AIRES,7
2024,12,CORDOBA,2
2024,12,DESCONOCIDA,4
2024,12,ENTRE RIOS,4
2024,12,FORMOSA,53
2024,12,MENDOZA,4
2024,12,MISIONES,1
2024,12,SANTA FE,4
2024,12,TUCUMAN,1
2025,1,BUENOS AIRES,8
2025,1,CATAMARCA,3
2025,1,CIUDAD AUTONOMA DE BUENOS AIRES,4
2025,1,CORDOBA,86
2025,1,CORRIENTES,3
2025,1,DESCONOCIDA,4
2025,1,ENTRE RIOS,4
2025,1,FORMOSA,63
2025,1,LA PAMPA,2
2025,1,LA RIOJA,4
2025,1,MENDOZA,1
2025,1,MISIONES,2
2025,1,SALTA,1
2025,1,SANTA FE,40
2025,1,TUCUMAN,24
2025,2,BUENOS AIRES,47
2025,2,CATAMARCA,1
2025,2,CHACO,2
2025,2,CIUDAD AUTONOMA DE BUENOS AIRES,17
2025,2,CORDOBA,584
2025,2,CORRIENTES,7
2025,2,DESCONOCIDA,103
2025,2,ENTRE RIOS,22
2025,2,FORMOSA,18
2025,2,LA PAMPA,23
2025,2,LA RIOJA,5
2025,2,MENDOZA,1
2025,2,NEUQUEN,1
2025,2,SALTA,5
2025,2,SAN JUAN,1
2025,2,SAN LUIS,9
2025,2,SANTA FE,289
2025,2,SANTIAGO DEL ESTERO,1
2025,2,TUCUMAN,205
2025,3,BUENOS AIRES,263
2025,3,CATAMARCA,9
2025,3,CHACO,4
2025,3,CHUBUT,3
2025,3,CIUDAD AUTONOMA DE BUENOS AIRES,78
2025,3,CORDOBA,2469
2025,3,CORRIENTES,19
2025,3,DESCONOCIDA,429
2025,3,ENTRE RIOS,52
2025,3,FORMOSA,24
2025,3,LA PAMPA,162
2025,3,LA RIOJA,62
2025,3,MENDOZA,2
2025,3,NEUQUEN,2
2025,3,SALTA,13
2025,3,SAN JUAN,1
2025,3,SAN LUIS,31
2025,3,SANTA CRUZ,1
2025,3,SANTA FE,4073
2025,3,TUCUMAN,832
2025,4,BUENOS AIRES,160
2025,4,CATAMARCA,1
2025,4,CHUBUT,1
2025,4,CIUDAD AUTONOMA DE BUENOS AIRES,45
2025,4,CORDOBA,505
2025,4,CORRIENTES,21
2025,4,DESCONOCIDA,105
2025,4,ENTRE RIOS,30
2025,4,FORMOSA,24
2025,4,LA PAMPA,24
2025,4,LA RIOJA,17
2025,4,MENDOZA,2
2025,4,MISIONES,2
2025,4,NEUQUEN,1
2025,4,SALTA,3
2025,4,SAN LUIS,10
2025,4,SANTA FE,4178
2025,4,TUCUMAN,300
2025,5,BUENOS AIRES,41
2025,5,CATAMARCA,2
2025,5,CHACO,8
2025,5,CIUDAD AUTONOMA DE BUENOS AIRES,11
2025,5,CORDOBA,216
2025,5,CORRIENTES,4
2025,5,DESCONOCIDA,35
2025,5,ENTRE RIOS,11
2025,5,FORMOSA,25
2025,5,LA PAMPA,3
2025,5,LA RIOJA,16
2025,5,SAN LUIS,9
2025,5,SANTA FE,1336
2025,5,TIERRA DEL FUEGO,2
2025,5,TUCUMAN,259
2025,6,BUENOS AIRES,6
2025,6,CATAMARCA,1
2025,6,CORDOBA,8
2025,6,ENTRE RIOS,1
2025,6,FORMOSA,40
2025,6,MENDOZA,2
2025,6,SANTA FE,8
2025,6,TUCUMAN,19
2025,7,BUENOS AIRES,2
2025,7,CORDOBA,2
2025,7,ENTRE RIOS,1
2025,7,FORMOSA,12
2025,8,CIUDAD AUTONOMA DE BUENOS AIRES,1
2025,8,DESCONOCIDA,1
2025,8,FORMOSA,1
2025,12,CORDOBA,1
2025,12,DESCONOCIDA,1
2025,12,ENTRE RIOS,1
2025,12,FORMOSA,14
2025,12,LA PAMPA,1
2025,12,LA RIOJA,1
2025,12,SALTA,1
2025,12,SANTA FE,3
2025,12,TUCUMAN,2
